code,name,sector
000001,平安银行,J66货币金融服务
000002,万科A,K70房地产业
000006,深振业A,K70房地产业
000007,全新好,K70房地产业
000008,神州高铁,C37铁路、船舶、航空航天和其他运输设备制造业
000009,上证380,J69其他金融业
000010,*ST美丽,E48土木工程建筑业
000011,深物业A,K70房地产业
000012,南玻A,C30非金属矿物制品业
000014,沙河股份,K70房地产业
000016,*ST康佳A,C39计算机、通信和其他电子设备制造业
000017,新上证综指,C24文教、工美、体育和娱乐用品制造业
000019,深粮控股,F51批发业
000020,深华发A,C39计算机、通信和其他电子设备制造业
000021,深科技,C39计算机、通信和其他电子设备制造业
000025,特力A,F51批发业
000026,飞亚达,F52零售业
000027,深圳能源,D44电力、热力生产和供应业
000028,国药一致,F51批发业
000029,深深房A,K70房地产业
000030,富奥股份,C36汽车制造业
000031,大悦城,K70房地产业
000032,深桑达A,E49建筑安装业
000034,神州数码,F51批发业
000035,中国天楹,N77生态保护和环境治理业
000036,华联控股,K70房地产业
000037,深南电A,D44电力、热力生产和供应业
000039,中集集团,C33金属制品业
000042,中洲控股,K70房地产业
000044,上证中盘,未映射
000045,上证小盘,C39计算机、通信和其他电子设备制造业
000046,上证中小,未映射
000047,上证全指,未映射
000048,京基智农,A03畜牧业
000049,上证民企,C38电气机械和器材制造业
000050,50等权,C39计算机、通信和其他电子设备制造业
000051,180等权,未映射
000052,50基本,未映射
000053,180基本,未映射
000054,上证海外,未映射
000055,方大集团,C33金属制品业
000056,上证国企,L72商务服务业
000057,全指成长,未映射
000058,全指价值,L72商务服务业
000059,全R成长,C25石油、煤炭及其他燃料加工业
000060,全R价值,C32有色金属冶炼和压延加工业
000061,农产品,L72商务服务业
000062,上证沪企,F51批发业
000063,上证周期,C39计算机、通信和其他电子设备制造业
000064,非周期,未映射
000065,上证龙头,F51批发业
000066,上证商品,C39计算机、通信和其他电子设备制造业
000067,上证新兴,未映射
000068,上证资源,F51批发业
000069,消费80,K70房地产业
000070,能源等权,C39计算机、通信和其他电子设备制造业
000071,材料等权,未映射
000072,工业等权,未映射
000073,可选等权,未映射
000074,消费等权,未映射
000075,医药等权,未映射
000076,金融等权,未映射
000077,信息等权,未映射
000078,电信等权,F51批发业
000079,公用等权,未映射
000088,盐田港,G55水上运输业
000089,深圳机场,G56航空运输业
000090,上证流通,E48土木工程建筑业
000091,沪财中小,未映射
000092,资源50,未映射
000093,180分层,未映射
000094,上证上游,未映射
000095,上证中游,未映射
000096,上证下游,F51批发业
000097,高端装备,未映射
000098,上证F200,未映射
000099,上证F300,G56航空运输业
000100,上证F500,C39计算机、通信和其他电子设备制造业
000102,沪投资品,未映射
000103,沪消费品,未映射
000104,380能源,未映射
000105,380材料,未映射
000106,380工业,未映射
000107,380可选,未映射
000108,380消费,未映射
000109,380医药,未映射
000110,380金融,未映射
000111,380信息,未映射
000112,380电信,未映射
000113,380公用,未映射
000114,持续产业,未映射
000115,380等权,未映射
000117,380成长,未映射
000118,380价值,未映射
000119,380R成长,未映射
000120,380R价值,未映射
000121,医药主题,未映射
000126,消费50,未映射
000128,380基本,未映射
000129,180波动,未映射
000130,380波动,未映射
000131,上证高新,未映射
000132,上证100,未映射
000133,上证150,未映射
000151,中成股份,F51批发业
000153,丰原药业,C27医药制造业
000155,川能动力,D44电力、热力生产和供应业
000156,华数传媒,I63电信、广播电视和卫星传输服务
000157,中联重科,C35专用设备制造业
000158,常山北明,I65软件和信息技术服务业
000159,国际实业,F51批发业
000166,申万宏源,J67资本市场服务
000301,东方盛虹,C26化学原料和化学制品制造业
000333,美的集团,C38电气机械和器材制造业
000338,潍柴动力,C36汽车制造业
000400,许继电气,C38电气机械和器材制造业
000401,金隅冀东,C30非金属矿物制品业
000402,金融街,K70房地产业
000403,派林生物,C27医药制造业
000404,长虹华意,C34通用设备制造业
000407,胜利股份,D45燃气生产和供应业
000408,藏格矿业,C26化学原料和化学制品制造业
000409,云鼎科技,I65软件和信息技术服务业
000410,沈阳机床,C34通用设备制造业
000411,英特集团,F51批发业
000415,渤海租赁,L71租赁业
000417,合百集团,F52零售业
000419,通程控股,F52零售业
000420,吉林化纤,C28化学纤维制造业
000421,南京公用,D45燃气生产和供应业
000422,湖北宜化,C26化学原料和化学制品制造业
000423,东阿阿胶,C27医药制造业
000425,徐工机械,C35专用设备制造业
000426,兴业银锡,B09有色金属矿采选业
000428,华天酒店,H61住宿业
000429,粤高速A,G54道路运输业
000430,张家界,N78公共设施管理业
000488,ST晨鸣,C22造纸和纸制品业
000498,山东路桥,E48土木工程建筑业
000501,武商集团,F52零售业
000503,国新健康,I64互联网和相关服务
000504,南华生物,M75科技推广和应用服务业
000505,京粮控股,C13农副食品加工业
000506,招金黄金,B09有色金属矿采选业
000507,珠海港,G55水上运输业
000509,华塑控股,C39计算机、通信和其他电子设备制造业
000510,新金路,C26化学原料和化学制品制造业
000513,丽珠集团,C27医药制造业
000514,渝开发,K70房地产业
000516,国际医学,Q84卫生
000517,荣安地产,K70房地产业
000518,四环生物,C27医药制造业
000519,中兵红箭,C35专用设备制造业
000520,凤凰航运,G55水上运输业
000521,长虹美菱,C38电气机械和器材制造业
000523,红棉股份,C13农副食品加工业
000524,岭南控股,L72商务服务业
000525,红太阳,C26化学原料和化学制品制造业
000526,学大教育,P83教育
000528,柳工,C35专用设备制造业
000529,广弘控股,C13农副食品加工业
000530,冰山冷热,C34通用设备制造业
000531,穗恒运A,D44电力、热力生产和供应业
000532,华金资本,S91综合
000533,顺钠股份,C38电气机械和器材制造业
000534,万泽股份,C27医药制造业
000536,华映科技,C39计算机、通信和其他电子设备制造业
000537,绿发电力,D44电力、热力生产和供应业
000538,云南白药,C27医药制造业
000539,粤电力A,D44电力、热力生产和供应业
000541,佛山照明,C38电气机械和器材制造业
000543,皖能电力,D44电力、热力生产和供应业
000544,中原环保,D46水的生产和供应业
000545,金浦钛业,C26化学原料和化学制品制造业
000546,金圆股份,C42废弃资源综合利用业
000547,航天发展,C39计算机、通信和其他电子设备制造业
000548,湖南投资,G54道路运输业
000550,江铃汽车,C36汽车制造业
000551,创元科技,C35专用设备制造业
000552,甘肃能化,B06煤炭开采和洗选业
000553,安道麦A,C26化学原料和化学制品制造业
000554,泰山石油,F51批发业
000555,神州信息,I65软件和信息技术服务业
000557,西部创业,G53铁路运输业
000558,天府文旅,N78公共设施管理业
000559,万向钱潮,C36汽车制造业
000560,我爱我家,K70房地产业
000561,烽火电子,C39计算机、通信和其他电子设备制造业
000563,陕国投A,J69其他金融业
000564,供销大集,F52零售业
000565,渝三峡A,C26化学原料和化学制品制造业
000566,海南海药,C27医药制造业
000567,海德股份,J69其他金融业
000568,泸州老窖,C15酒、饮料和精制茶制造业
000570,苏常柴A,C34通用设备制造业
000571,新大洲A,B06煤炭开采和洗选业
000572,海马汽车,C36汽车制造业
000573,粤宏远A,C42废弃资源综合利用业
000576,甘化科工,C39计算机、通信和其他电子设备制造业
000581,威孚高科,C36汽车制造业
000582,北部湾港,G55水上运输业
000586,汇源通信,C38电气机械和器材制造业
000589,贵州轮胎,C29橡胶和塑料制品业
000590,古汉医药,C27医药制造业
000591,太阳能,D44电力、热力生产和供应业
000592,平潭发展,C20木材加工和木、竹、藤、棕、草制品业
000593,德龙汇能,D45燃气生产和供应业
000595,*ST宝实,C34通用设备制造业
000596,古井贡酒,C15酒、饮料和精制茶制造业
000597,东北制药,C27医药制造业
000598,兴蓉环境,D46水的生产和供应业
000599,青岛双星,C29橡胶和塑料制品业
000600,建投能源,D44电力、热力生产和供应业
000601,韶能股份,D44电力、热力生产和供应业
000603,盛达资源,B09有色金属矿采选业
000605,渤海股份,D46水的生产和供应业
000607,华媒控股,L72商务服务业
000608,阳光股份,K70房地产业
000609,*ST中迪,S91综合
000610,*ST西旅,L72商务服务业
000612,焦作万方,C32有色金属冶炼和压延加工业
000615,*ST美谷,Q84卫生
000617,中油资本,J66货币金融服务
000619,海螺新材,C29橡胶和塑料制品业
000620,盈新发展,K70房地产业
000623,吉林敖东,C27医药制造业
000625,长安汽车,C36汽车制造业
000626,远大控股,F51批发业
000628,高新发展,E47房屋建筑业
000629,钒钛股份,C32有色金属冶炼和压延加工业
000630,铜陵有色,C32有色金属冶炼和压延加工业
000631,顺发恒能,K70房地产业
000632,ST三木,F51批发业
000633,合金投资,C32有色金属冶炼和压延加工业
000635,英力特,C26化学原料和化学制品制造业
000636,风华高科,C39计算机、通信和其他电子设备制造业
000637,茂化实华,C26化学原料和化学制品制造业
000639,ST西王,C13农副食品加工业
000650,仁和药业,C27医药制造业
000651,格力电器,C38电气机械和器材制造业
000652,泰达股份,F51批发业
000655,金岭矿业,B08黑色金属矿采选业
000656,*ST金科,K70房地产业
000657,中钨高新,C33金属制品业
000659,珠海中富,C29橡胶和塑料制品业
000661,长春高新,C27医药制造业
000663,永安林业,A02林业
000665,湖北广电,I63电信、广播电视和卫星传输服务
000668,荣丰控股,K70房地产业
000669,ST金鸿,D45燃气生产和供应业
000670,盈方微,F51批发业
000672,上峰材料,C30非金属矿物制品业
000676,智度股份,L72商务服务业
000677,ST海龙,C17纺织业
000678,襄阳轴承,C36汽车制造业
000679,大连友谊,F52零售业
000680,山推股份,C35专用设备制造业
000681,视觉中国,I64互联网和相关服务
000682,东方电子,I65软件和信息技术服务业
000683,博源化工,C26化学原料和化学制品制造业
000685,中山公用,D46水的生产和供应业
000686,东北证券,J67资本市场服务
000688,国城矿业,B09有色金属矿采选业
000690,宝新能源,D44电力、热力生产和供应业
000691,亚太实业,C26化学原料和化学制品制造业
000692,惠天热电,D44电力、热力生产和供应业
000695,滨海能源,C30非金属矿物制品业
000697,炼石航空,C37铁路、船舶、航空航天和其他运输设备制造业
000698,ST沈化,C26化学原料和化学制品制造业
000700,模塑科技,C36汽车制造业
000701,厦门信达,F51批发业
000702,正虹科技,C13农副食品加工业
000703,恒逸石化,C28化学纤维制造业
000705,浙江震元,F51批发业
000707,双环科技,C26化学原料和化学制品制造业
000708,中信特钢,C31黑色金属冶炼和压延加工业
000709,河钢股份,C31黑色金属冶炼和压延加工业
000710,贝瑞基因,M74专业技术服务业
000711,ST京蓝,C42废弃资源综合利用业
000712,锦龙股份,J67资本市场服务
000713,国投丰乐,A05农、林、牧、渔专业及辅助性活动
000715,中兴商业,F52零售业
000716,黑芝麻,C14食品制造业
000717,中南股份,C31黑色金属冶炼和压延加工业
000718,苏宁环球,K70房地产业
000719,中原传媒,R86新闻和出版业
000720,新能泰山,C38电气机械和器材制造业
000721,西安饮食,H62餐饮业
000722,湖南发展,D44电力、热力生产和供应业
000723,美锦能源,C25石油、煤炭及其他燃料加工业
000725,京东方A,C39计算机、通信和其他电子设备制造业
000726,鲁泰A,C17纺织业
000727,冠捷科技,C39计算机、通信和其他电子设备制造业
000728,国元证券,J67资本市场服务
000729,燕京啤酒,C15酒、饮料和精制茶制造业
000731,四川美丰,C26化学原料和化学制品制造业
000733,振华科技,C39计算机、通信和其他电子设备制造业
000735,罗牛山,A03畜牧业
000736,中交发展,K70房地产业
000737,北方铜业,C32有色金属冶炼和压延加工业
000738,航发控制,C37铁路、船舶、航空航天和其他运输设备制造业
000739,普洛药业,C27医药制造业
000750,国海证券,J67资本市场服务
000751,锌业股份,C32有色金属冶炼和压延加工业
000752,*ST西发,C15酒、饮料和精制茶制造业
000753,漳州发展,F52零售业
000755,山西高速,G54道路运输业
000756,新华制药,C27医药制造业
000757,浩物股份,F52零售业
000758,中色股份,B09有色金属矿采选业
000759,中百集团,F52零售业
000761,本钢板材,C31黑色金属冶炼和压延加工业
000762,西藏矿业,B09有色金属矿采选业
000766,通化金马,C27医药制造业
000767,晋控电力,D44电力、热力生产和供应业
000768,中航西飞,C37铁路、船舶、航空航天和其他运输设备制造业
000776,广发证券,J67资本市场服务
000777,中核科技,C34通用设备制造业
000778,新兴铸管,C33金属制品业
000779,甘咨询,M74专业技术服务业
000782,恒申新材,C28化学纤维制造业
000783,长江证券,J67资本市场服务
000785,居然智家,L72商务服务业
000786,北新建材,C30非金属矿物制品业
000788,北大医药,C27医药制造业
000789,万年青,C30非金属矿物制品业
000790,华神科技,C27医药制造业
000791,甘肃能源,D44电力、热力生产和供应业
000792,盐湖股份,C26化学原料和化学制品制造业
000793,*ST华闻,R86新闻和出版业
000795,英洛华,C30非金属矿物制品业
000796,凯撒旅业,L72商务服务业
000797,中国武夷,K70房地产业
000798,中水渔业,A04渔业
000799,酒鬼酒,C15酒、饮料和精制茶制造业
000800,一汽解放,C36汽车制造业
000801,四川九洲,C39计算机、通信和其他电子设备制造业
000802,500沪市,R87广播、电视、电影和录音制作业
000803,山高环能,N77生态保护和环境治理业
000805,A股资源,未映射
000806,消费服务,未映射
000807,食品饮料,C32有色金属冶炼和压延加工业
000808,医药生物,未映射
000809,和展能源,C38电气机械和器材制造业
000810,创维数字,C39计算机、通信和其他电子设备制造业
000811,冰轮环境,C34通用设备制造业
000812,陕西金叶,C23印刷和记录媒介复制业
000813,德展健康,C27医药制造业
000814,细分医药,未映射
000815,美利云,C22造纸和纸制品业
000816,智慧农业,C34通用设备制造业
000818,航锦科技,C26化学原料和化学制品制造业
000819,有色金属,C25石油、煤炭及其他燃料加工业
000820,*ST节能,M74专业技术服务业
000821,ST京机,C35专用设备制造业
000822,山东海化,C26化学原料和化学制品制造业
000823,中证800有色,C39计算机、通信和其他电子设备制造业
000825,太钢不锈,C31黑色金属冶炼和压延加工业
000826,*ST启环,N78公共设施管理业
000828,东莞控股,G54道路运输业
000829,天音控股,F51批发业
000830,鲁西化工,C26化学原料和化学制品制造业
000831,中国稀土,C32有色金属冶炼和压延加工业
000833,粤桂股份,S91综合
000837,秦川机床,C34通用设备制造业
000838,*ST发展,K70房地产业
000839,国安股份,I65软件和信息技术服务业
000848,承德露露,C15酒、饮料和精制茶制造业
000850,华茂股份,C17纺织业
000852,石化机械,C35专用设备制造业
000856,冀东装备,C35专用设备制造业
000858,五粮液,C15酒、饮料和精制茶制造业
000859,国风新材,C29橡胶和塑料制品业
000860,顺鑫农业,C15酒、饮料和精制茶制造业
000862,银星能源,D44电力、热力生产和供应业
000863,三湘印象,K70房地产业
000868,安凯客车,C36汽车制造业
000869,张裕A,C15酒、饮料和精制茶制造业
000875,电投绿能,D44电力、热力生产和供应业
000876,新希望,C13农副食品加工业
000877,天山股份,C30非金属矿物制品业
000878,云南铜业,C32有色金属冶炼和压延加工业
000880,潍柴重机,C34通用设备制造业
000881,中广核技,C26化学原料和化学制品制造业
000882,华联股份,L72商务服务业
000883,湖北能源,D44电力、热力生产和供应业
000885,城发环境,N77生态保护和环境治理业
000886,海南高速,G54道路运输业
000887,中鼎股份,C29橡胶和塑料制品业
000888,峨眉山A,N78公共设施管理业
000889,中嘉博创,I65软件和信息技术服务业
000890,法尔胜,C33金属制品业
000892,欢瑞世纪,R87广播、电视、电影和录音制作业
000893,亚钾国际,C26化学原料和化学制品制造业
000895,双汇发展,C13农副食品加工业
000897,津滨发展,K70房地产业
000898,鞍钢股份,C31黑色金属冶炼和压延加工业
000899,赣能股份,D44电力、热力生产和供应业
000900,现代投资,G54道路运输业
000901,航天科技,C36汽车制造业
000902,新洋丰,C26化学原料和化学制品制造业
000903,ST云动,C34通用设备制造业
000905,厦门港务,F51批发业
000906,浙商中拓,L72商务服务业
000908,景峰医药,C27医药制造业
000909,*ST数源,K70房地产业
000910,大亚圣象,C20木材加工和木、竹、藤、棕、草制品业
000911,*ST广糖,C13农副食品加工业
000912,泸天化,C26化学原料和化学制品制造业
000913,钱江摩托,C37铁路、船舶、航空航天和其他运输设备制造业
000915,华特达因,C27医药制造业
000917,电广传媒,I63电信、广播电视和卫星传输服务
000919,金陵药业,C27医药制造业
000920,沃顿科技,C26化学原料和化学制品制造业
000921,海信家电,C38电气机械和器材制造业
000922,佳电股份,C38电气机械和器材制造业
000923,河钢资源,B08黑色金属矿采选业
000925,众合科技,C37铁路、船舶、航空航天和其他运输设备制造业
000926,福星股份,K70房地产业
000927,中国铁物,L72商务服务业
000928,中钢国际,E48土木工程建筑业
000929,兰州黄河,C15酒、饮料和精制茶制造业
000930,中粮科技,C26化学原料和化学制品制造业
000931,中关村,C27医药制造业
000932,华菱钢铁,C31黑色金属冶炼和压延加工业
000933,神火股份,C32有色金属冶炼和压延加工业
000935,四川双马,C30非金属矿物制品业
000936,华西股份,C28化学纤维制造业
000937,冀中能源,B06煤炭开采和洗选业
000938,紫光股份,C39计算机、通信和其他电子设备制造业
000948,南天信息,I65软件和信息技术服务业
000949,新乡化纤,C28化学纤维制造业
000950,重药控股,F51批发业
000951,中国重汽,C36汽车制造业
000952,广济药业,C27医药制造业
000953,中哲精化,C27医药制造业
000955,欣龙控股,C17纺织业
000957,中通客车,C36汽车制造业
000958,电投产融,D44电力、热力生产和供应业
000959,银河99,C31黑色金属冶炼和压延加工业
000960,锡业股份,C32有色金属冶炼和压延加工业
000962,东方钽业,C32有色金属冶炼和压延加工业
000963,华东医药,F52零售业
000965,天保基建,K70房地产业
000966,长源电力,D44电力、热力生产和供应业
000967,盈峰环境,C35专用设备制造业
000968,蓝焰控股,B07石油和天然气开采业
000969,安泰科技,C33金属制品业
000970,中科三环,C39计算机、通信和其他电子设备制造业
000971,等权90,未映射
000972,*ST中基,C13农副食品加工业
000973,佛塑科技,C29橡胶和塑料制品业
000975,山金国际,B09有色金属矿采选业
000977,浪潮信息,C39计算机、通信和其他电子设备制造业
000978,桂林旅游,N78公共设施管理业
000980,众泰汽车,C36汽车制造业
000981,山子高科,C36汽车制造业
000983,山西焦煤,B06煤炭开采和洗选业
000985,大庆华科,C26化学原料和化学制品制造业
000987,越秀资本,J69其他金融业
000988,华工科技,C39计算机、通信和其他电子设备制造业
000989,九芝堂,C27医药制造业
000990,诚志股份,C26化学原料和化学制品制造业
000993,闽东电力,D44电力、热力生产和供应业
000995,皇台酒业,C15酒、饮料和精制茶制造业
000997,新大陆,I65软件和信息技术服务业
000998,隆平高科,A05农、林、牧、渔专业及辅助性活动
000999,华润三九,C27医药制造业
001201,东瑞股份,A03畜牧业
001202,炬申股份,G58多式联运和运输代理业
001203,大中矿业,B08黑色金属矿采选业
001205,盛航股份,G55水上运输业
001206,依依股份,C41其他制造业
001207,联科科技,C26化学原料和化学制品制造业
001208,华菱线缆,C38电气机械和器材制造业
001209,洪兴股份,C18纺织服装、服饰业
001210,金房能源,D44电力、热力生产和供应业
001211,双枪科技,C20木材加工和木、竹、藤、棕、草制品业
001212,中旗新材,C30非金属矿物制品业
001213,中铁特货,G53铁路运输业
001215,千味央厨,C14食品制造业
001216,华瓷股份,C30非金属矿物制品业
001217,华尔泰,C26化学原料和化学制品制造业
001218,丽臣实业,C26化学原料和化学制品制造业
001219,青岛食品,C14食品制造业
001220,世盟股份,G54道路运输业
001221,悍高集团,C33金属制品业
001222,源飞宠物,C41其他制造业
001223,欧克科技,C35专用设备制造业
001225,和泰机电,C34通用设备制造业
001226,拓山重工,C34通用设备制造业
001227,兰州银行,J66货币金融服务
001228,永泰运,L72商务服务业
001229,魅视科技,C39计算机、通信和其他电子设备制造业
001230,劲旅环境,N78公共设施管理业
001231,农心科技,C26化学原料和化学制品制造业
001233,海安集团,C29橡胶和塑料制品业
001234,泰慕士,C18纺织服装、服饰业
001236,弘业期货,J67资本市场服务
001237,惠康科技,C38电气机械和器材制造业
001238,浙江正特,C21家具制造业
001239,永达股份,C33金属制品业
001255,博菲电气,C26化学原料和化学制品制造业
001256,炜冈科技,C35专用设备制造业
001257,盛龙股份,B09有色金属矿采选业
001258,立新能源,D44电力、热力生产和供应业
001259,利仁科技,C38电气机械和器材制造业
001260,坤泰股份,C36汽车制造业
001266,宏英智能,C40仪器仪表制造业
001267,汇绿生态,C39计算机、通信和其他电子设备制造业
001268,联合精密,C34通用设备制造业
001269,欧晶科技,C42废弃资源综合利用业
001270,铖昌科技,C39计算机、通信和其他电子设备制造业
001277,速达股份,C43金属制品、机械和设备修理业
001278,一彬科技,C36汽车制造业
001279,强邦新材,C23印刷和记录媒介复制业
001280,中国铀业,B09有色金属矿采选业
001282,三联锻造,C36汽车制造业
001283,豪鹏科技,C38电气机械和器材制造业
001285,瑞立科密,C39计算机、通信和其他电子设备制造业
001286,陕西能源,D44电力、热力生产和供应业
001287,中电港,F51批发业
001288,运机集团,C34通用设备制造业
001289,龙源电力,D44电力、热力生产和供应业
001296,长江材料,C30非金属矿物制品业
001298,好上好,F51批发业
001299,美能能源,D45燃气生产和供应业
001300,三柏硕,C24文教、工美、体育和娱乐用品制造业
001301,尚太科技,C30非金属矿物制品业
001306,夏厦精密,C34通用设备制造业
001308,康冠科技,C39计算机、通信和其他电子设备制造业
001309,德明利,C39计算机、通信和其他电子设备制造业
001311,多利科技,C36汽车制造业
001312,福恩股份,C17纺织业
001313,粤海饲料,C13农副食品加工业
001314,亿道信息,C39计算机、通信和其他电子设备制造业
001316,润贝航科,F51批发业
001317,三羊马,G58多式联运和运输代理业
001318,阳光乳业,C14食品制造业
001319,铭科精技,C36汽车制造业
001322,箭牌家居,C30非金属矿物制品业
001323,慕思股份,C21家具制造业
001324,长青科技,C37铁路、船舶、航空航天和其他运输设备制造业
001325,元创股份,C29橡胶和塑料制品业
001326,联域股份,C38电气机械和器材制造业
001328,登康口腔,C26化学原料和化学制品制造业
001330,博纳影业,R87广播、电视、电影和录音制作业
001331,胜通能源,D45燃气生产和供应业
001332,锡装股份,C33金属制品业
001333,光华股份,C26化学原料和化学制品制造业
001335,信凯科技,F51批发业
001336,楚环科技,C35专用设备制造业
001337,四川黄金,B09有色金属矿采选业
001338,永顺泰,C15酒、饮料和精制茶制造业
001339,智微智能,C39计算机、通信和其他电子设备制造业
001356,富岭股份,C29橡胶和塑料制品业
001358,兴欣新材,C26化学原料和化学制品制造业
001359,平安电工,C30非金属矿物制品业
001360,南矿集团,C35专用设备制造业
001365,天海电子,C36汽车制造业
001366,播恩集团,C13农副食品加工业
001367,海森药业,C27医药制造业
001368,通达创智,C29橡胶和塑料制品业
001369,双欣材料,C26化学原料和化学制品制造业
001373,翔腾新材,C39计算机、通信和其他电子设备制造业
001376,百通能源,D44电力、热力生产和供应业
001378,德冠新材,C29橡胶和塑料制品业
001379,腾达科技,C34通用设备制造业
001380,华纬科技,C34通用设备制造业
001382,新亚电缆,C38电气机械和器材制造业
001386,马可波罗,C30非金属矿物制品业
001387,雪祺电气,C38电气机械和器材制造业
001388,信通电子,C39计算机、通信和其他电子设备制造业
001389,广合科技,C39计算机、通信和其他电子设备制造业
001390,古麒绒材,C19皮革、毛皮、羽毛及其制品和制鞋业
001391,国货航,G56航空运输业
001393,维通利,C38电气机械和器材制造业
001395,亚联机械,C35专用设备制造业
001396,誉帆科技,M74专业技术服务业
001400,江顺科技,C35专用设备制造业
001696,宗申动力,C34通用设备制造业
001872,招商港口,G55水上运输业
001896,豫能控股,D44电力、热力生产和供应业
001914,招商积余,K70房地产业
001965,招商公路,G54道路运输业
001979,招商蛇口,K70房地产业
002001,新和成,C27医药制造业
002003,伟星股份,C18纺织服装、服饰业
002004,华邦健康,C26化学原料和化学制品制造业
002005,ST德豪,C38电气机械和器材制造业
002006,精工科技,C35专用设备制造业
002007,华兰生物,C27医药制造业
002008,大族激光,C35专用设备制造业
002009,天奇股份,C35专用设备制造业
002010,传化智联,L72商务服务业
002011,盾安环境,C34通用设备制造业
002012,凯恩股份,C22造纸和纸制品业
002014,永新股份,C29橡胶和塑料制品业
002015,协鑫能科,D44电力、热力生产和供应业
002016,世荣兆业,K70房地产业
002017,东信和平,C39计算机、通信和其他电子设备制造业
002019,亿帆医药,C27医药制造业
002020,京新药业,C27医药制造业
002021,中捷资源,C35专用设备制造业
002022,科华生物,C27医药制造业
002023,海特高新,C43金属制品、机械和设备修理业
002024,ST易购,F52零售业
002025,航天电器,C39计算机、通信和其他电子设备制造业
002026,山东威达,C38电气机械和器材制造业
002027,分众传媒,L72商务服务业
002028,思源电气,C38电气机械和器材制造业
002029,七匹狼,C18纺织服装、服饰业
002030,达安基因,C27医药制造业
002031,巨轮智能,C35专用设备制造业
002032,苏泊尔,C38电气机械和器材制造业
002033,丽江股份,N78公共设施管理业
002034,旺能环境,D44电力、热力生产和供应业
002035,华帝股份,C38电气机械和器材制造业
002036,联创电子,C39计算机、通信和其他电子设备制造业
002037,保利联合,C26化学原料和化学制品制造业
002038,双鹭药业,C27医药制造业
002039,黔源电力,D44电力、热力生产和供应业
002040,南京港,G55水上运输业
002041,登海种业,A05农、林、牧、渔专业及辅助性活动
002042,华孚时尚,C17纺织业
002043,兔宝宝,C20木材加工和木、竹、藤、棕、草制品业
002044,美年健康,Q84卫生
002045,国光电器,C39计算机、通信和其他电子设备制造业
002046,国机精工,C34通用设备制造业
002047,宝鹰股份,E50建筑装饰、装修和其他建筑业
002048,宁波华翔,C36汽车制造业
002049,紫光国微,C39计算机、通信和其他电子设备制造业
002050,三花智控,C34通用设备制造业
002051,中工国际,E48土木工程建筑业
002052,同洲电子,C39计算机、通信和其他电子设备制造业
002053,云南能投,D44电力、热力生产和供应业
002054,德美化工,C26化学原料和化学制品制造业
002055,ST得润,C39计算机、通信和其他电子设备制造业
002056,横店东磁,C38电气机械和器材制造业
002057,中钢天源,C26化学原料和化学制品制造业
002058,威尔泰,C40仪器仪表制造业
002059,云南旅游,N78公共设施管理业
002060,广东建工,E48土木工程建筑业
002061,浙江交科,E48土木工程建筑业
002062,宏润建设,E48土木工程建筑业
002063,远光软件,I65软件和信息技术服务业
002064,华峰化学,C28化学纤维制造业
002065,东华软件,I65软件和信息技术服务业
002066,瑞泰科技,C30非金属矿物制品业
002067,景兴纸业,C22造纸和纸制品业
002068,黑猫股份,C26化学原料和化学制品制造业
002069,獐子岛,A04渔业
002072,凯瑞德,F51批发业
002073,软控股份,C35专用设备制造业
002074,国轩高科,C38电气机械和器材制造业
002075,沙钢股份,C31黑色金属冶炼和压延加工业
002076,星光股份,C38电气机械和器材制造业
002077,大港股份,C39计算机、通信和其他电子设备制造业
002078,太阳纸业,C22造纸和纸制品业
002079,苏州固锝,C39计算机、通信和其他电子设备制造业
002080,中材科技,C30非金属矿物制品业
002081,金螳螂,E50建筑装饰、装修和其他建筑业
002082,ST万邦,C27医药制造业
002083,孚日股份,C17纺织业
002084,海鸥住工,C33金属制品业
002085,万丰奥威,C36汽车制造业
002086,东方海洋,A04渔业
002088,鲁阳节能,C30非金属矿物制品业
002090,金智科技,C38电气机械和器材制造业
002091,江苏国泰,F51批发业
002092,中泰化学,C26化学原料和化学制品制造业
002093,国脉科技,I65软件和信息技术服务业
002094,青岛金王,C26化学原料和化学制品制造业
002095,生意宝,I64互联网和相关服务
002096,易普力,C26化学原料和化学制品制造业
002097,山河智能,C35专用设备制造业
002098,浔兴股份,C41其他制造业
002099,海翔药业,C27医药制造业
002100,天康生物,C13农副食品加工业
002101,广东鸿图,C36汽车制造业
002102,ST能特,C27医药制造业
002103,广博股份,C24文教、工美、体育和娱乐用品制造业
002104,恒宝股份,C39计算机、通信和其他电子设备制造业
002105,信隆健康,C37铁路、船舶、航空航天和其他运输设备制造业
002106,莱宝高科,C39计算机、通信和其他电子设备制造业
002107,沃华医药,C27医药制造业
002108,沧州明珠,C29橡胶和塑料制品业
002109,ST兴化,C26化学原料和化学制品制造业
002110,三钢闽光,C31黑色金属冶炼和压延加工业
002111,威海广泰,C35专用设备制造业
002112,三变科技,C38电气机械和器材制造业
002114,罗平锌电,C32有色金属冶炼和压延加工业
002115,三维通信,L72商务服务业
002116,中国海诚,E48土木工程建筑业
002117,东港股份,C23印刷和记录媒介复制业
002119,康强电子,C39计算机、通信和其他电子设备制造业
002120,韵达股份,G60邮政业
002121,科陆电子,C40仪器仪表制造业
002122,ST汇洲,C34通用设备制造业
002123,梦网科技,I65软件和信息技术服务业
002124,天邦食品,A03畜牧业
002125,湘潭电化,C26化学原料和化学制品制造业
002126,银轮股份,C36汽车制造业
002127,南极电商,L72商务服务业
002128,电投能源,B06煤炭开采和洗选业
002129,TCL中环,C38电气机械和器材制造业
002130,沃尔核材,C39计算机、通信和其他电子设备制造业
002131,利欧股份,L72商务服务业
002132,恒星科技,C33金属制品业
002133,广宇集团,K70房地产业
002134,天津普林,C39计算机、通信和其他电子设备制造业
002135,东南网架,C33金属制品业
002136,安纳达,C26化学原料和化学制品制造业
002137,实益达,C38电气机械和器材制造业
002138,顺络电子,C39计算机、通信和其他电子设备制造业
002139,拓邦股份,C38电气机械和器材制造业
002140,东华科技,E48土木工程建筑业
002141,贤丰控股,C38电气机械和器材制造业
002142,宁波银行,J66货币金融服务
002144,宏达高科,C17纺织业
002145,钛能化学,C26化学原料和化学制品制造业
002146,荣盛发展,K70房地产业
002148,北纬科技,I65软件和信息技术服务业
002149,西部材料,C32有色金属冶炼和压延加工业
002150,正泰电源,C38电气机械和器材制造业
002151,北斗星通,C39计算机、通信和其他电子设备制造业
002152,广电运通,C39计算机、通信和其他电子设备制造业
002153,石基信息,I65软件和信息技术服务业
002154,报喜鸟,C18纺织服装、服饰业
002155,湖南黄金,B09有色金属矿采选业
002156,通富微电,C39计算机、通信和其他电子设备制造业
002157,正邦科技,A03畜牧业
002158,汉钟精机,C34通用设备制造业
002159,三特索道,N78公共设施管理业
002160,常铝股份,C32有色金属冶炼和压延加工业
002161,远望谷,C39计算机、通信和其他电子设备制造业
002162,悦心健康,C30非金属矿物制品业
002163,海南发展,E50建筑装饰、装修和其他建筑业
002164,宁波东力,C34通用设备制造业
002165,红宝丽,C26化学原料和化学制品制造业
002166,莱茵生物,C27医药制造业
002167,东方锆业,C32有色金属冶炼和压延加工业
002168,ST惠程,C38电气机械和器材制造业
002169,智光电气,C38电气机械和器材制造业
002170,芭田股份,C26化学原料和化学制品制造业
002171,楚江新材,C32有色金属冶炼和压延加工业
002172,澳洋健康,Q84卫生
002173,创新医疗,Q84卫生
002174,游族网络,I64互联网和相关服务
002175,*ST东智,C40仪器仪表制造业
002176,江特电机,C32有色金属冶炼和压延加工业
002177,御银股份,C35专用设备制造业
002178,延华智能,I65软件和信息技术服务业
002179,中航光电,C39计算机、通信和其他电子设备制造业
002180,奔图科技,C39计算机、通信和其他电子设备制造业
002181,粤传媒,L72商务服务业
002182,宝武镁业,C32有色金属冶炼和压延加工业
002183,怡亚通,L72商务服务业
002184,海得控制,C38电气机械和器材制造业
002185,华天科技,C39计算机、通信和其他电子设备制造业
002186,全聚德,H62餐饮业
002187,广百股份,F52零售业
002188,中天服务,K70房地产业
002189,中光学,C39计算机、通信和其他电子设备制造业
002190,成飞集成,C36汽车制造业
002191,劲嘉股份,C23印刷和记录媒介复制业
002192,融捷股份,B09有色金属矿采选业
002193,ST如意,C18纺织服装、服饰业
002194,武汉凡谷,C39计算机、通信和其他电子设备制造业
002195,岩山科技,I64互联网和相关服务
002196,方正电机,C38电气机械和器材制造业
002197,证通电子,I65软件和信息技术服务业
002198,ST嘉应,C27医药制造业
002199,*ST东晶,C39计算机、通信和其他电子设备制造业
002200,交投生态,E48土木工程建筑业
002201,九鼎新材,C30非金属矿物制品业
002202,金风科技,C34通用设备制造业
002203,海亮股份,C32有色金属冶炼和压延加工业
002204,大连重工,C34通用设备制造业
002205,国统股份,C30非金属矿物制品业
002206,海利得,C28化学纤维制造业
002207,*ST准油,B11开采专业及辅助性活动
002208,合肥城建,K70房地产业
002209,达意隆,C35专用设备制造业
002210,飞马国际,L72商务服务业
002211,ST宏达,C26化学原料和化学制品制造业
002212,天融信,I65软件和信息技术服务业
002213,大为股份,C39计算机、通信和其他电子设备制造业
002214,*ST大立,C39计算机、通信和其他电子设备制造业
002215,诺普信,C26化学原料和化学制品制造业
002216,三全食品,C14食品制造业
002217,ST合力泰,C39计算机、通信和其他电子设备制造业
002218,拓日新能,C38电气机械和器材制造业
002219,新里程,Q84卫生
002221,东华能源,F51批发业
002222,福晶科技,C39计算机、通信和其他电子设备制造业
002223,鱼跃医疗,C35专用设备制造业
002224,三力士,C29橡胶和塑料制品业
002225,濮耐股份,C30非金属矿物制品业
002226,江南化工,C26化学原料和化学制品制造业
002227,*ST特迅,C38电气机械和器材制造业
002228,合兴包装,C22造纸和纸制品业
002229,鸿博股份,C23印刷和记录媒介复制业
002230,科大讯飞,I65软件和信息技术服务业
002232,启明信息,I65软件和信息技术服务业
002233,塔牌集团,C30非金属矿物制品业
002234,民和股份,A03畜牧业
002235,安妮股份,C22造纸和纸制品业
002236,大华股份,C39计算机、通信和其他电子设备制造业
002237,恒邦股份,C32有色金属冶炼和压延加工业
002238,天威视讯,I63电信、广播电视和卫星传输服务
002239,奥特佳,C36汽车制造业
002240,盛新锂能,C32有色金属冶炼和压延加工业
002241,歌尔股份,C39计算机、通信和其他电子设备制造业
002242,九阳股份,C38电气机械和器材制造业
002243,力合科创,C29橡胶和塑料制品业
002244,滨江集团,K70房地产业
002245,蔚蓝锂芯,C38电气机械和器材制造业
002246,北化股份,C26化学原料和化学制品制造业
002247,聚力文化,C22造纸和纸制品业
002248,华东数控,C34通用设备制造业
002249,大洋电机,C38电气机械和器材制造业
002250,联化科技,C26化学原料和化学制品制造业
002251,步步高,F52零售业
002252,上海莱士,C27医药制造业
002253,*ST智胜,I65软件和信息技术服务业
002254,泰和新材,C28化学纤维制造业
002255,海陆重工,C34通用设备制造业
002256,兆新股份,D44电力、热力生产和供应业
002258,利尔化学,C26化学原料和化学制品制造业
002259,升达林业,D45燃气生产和供应业
002261,拓维信息,I65软件和信息技术服务业
002262,恩华药业,C27医药制造业
002263,大东南,C29橡胶和塑料制品业
002264,新华都,I64互联网和相关服务
002265,建设工业,C36汽车制造业
002266,浙富控股,N77生态保护和环境治理业
002267,陕天然气,D45燃气生产和供应业
002268,电科网安,I65软件和信息技术服务业
002269,美邦服饰,C18纺织服装、服饰业
002270,华明装备,C38电气机械和器材制造业
002271,东方雨虹,C30非金属矿物制品业
002272,川润股份,C34通用设备制造业
002273,水晶光电,C39计算机、通信和其他电子设备制造业
002274,华昌化工,C26化学原料和化学制品制造业
002275,桂林三金,C27医药制造业
002276,万马股份,C38电气机械和器材制造业
002277,友阿股份,F52零售业
002278,神开股份,C35专用设备制造业
002279,久其软件,I65软件和信息技术服务业
002281,光迅科技,C39计算机、通信和其他电子设备制造业
002282,博深股份,C30非金属矿物制品业
002283,天润工业,C36汽车制造业
002284,亚太股份,C36汽车制造业
002285,世联行,K70房地产业
002286,保龄宝,C13农副食品加工业
002287,奇正藏药,C27医药制造业
002289,*ST宇顺,C39计算机、通信和其他电子设备制造业
002290,禾盛新材,C38电气机械和器材制造业
002291,遥望科技,I64互联网和相关服务
002292,奥飞娱乐,C24文教、工美、体育和娱乐用品制造业
002293,罗莱生活,C17纺织业
002294,信立泰,C27医药制造业
002295,精艺股份,C32有色金属冶炼和压延加工业
002296,辉煌科技,C38电气机械和器材制造业
002297,博云新材,C33金属制品业
002298,中电鑫龙,C38电气机械和器材制造业
002299,圣农发展,C13农副食品加工业
002300,太阳电缆,C38电气机械和器材制造业
002301,齐心集团,C24文教、工美、体育和娱乐用品制造业
002302,西部建设,C30非金属矿物制品业
002303,美盈森,C22造纸和纸制品业
002304,洋河股份,C15酒、饮料和精制茶制造业
002305,*ST南置,K70房地产业
002306,ST云网,H62餐饮业
002307,北新路桥,E48土木工程建筑业
002309,中利集团,C38电气机械和器材制造业
002310,东方新能,D44电力、热力生产和供应业
002311,海大集团,C13农副食品加工业
002312,川发龙蟒,C26化学原料和化学制品制造业
002313,日海智能,C39计算机、通信和其他电子设备制造业
002314,南山控股,K70房地产业
002315,焦点科技,I64互联网和相关服务
002316,亚联发展,I65软件和信息技术服务业
002317,众生药业,C27医药制造业
002318,久立特材,C33金属制品业
002319,乐通股份,C26化学原料和化学制品制造业
002320,海峡股份,G55水上运输业
002321,华英农业,A03畜牧业
002322,理工能科,I65软件和信息技术服务业
002323,*ST雅博,E50建筑装饰、装修和其他建筑业
002324,普利特,C29橡胶和塑料制品业
002326,永太科技,C26化学原料和化学制品制造业
002327,富安娜,C17纺织业
002328,新朋股份,C36汽车制造业
002329,皇氏集团,C14食品制造业
002330,得利斯,C13农副食品加工业
002331,皖通科技,I65软件和信息技术服务业
002332,仙琚制药,C27医药制造业
002333,罗普斯金,C32有色金属冶炼和压延加工业
002334,英威腾,C38电气机械和器材制造业
002335,科华数据,C38电气机械和器材制造业
002337,赛象科技,C35专用设备制造业
002338,奥普光电,C40仪器仪表制造业
002339,积成电子,C38电气机械和器材制造业
002340,格林美,C42废弃资源综合利用业
002342,巨力索具,C33金属制品业
002343,慈文传媒,R87广播、电视、电影和录音制作业
002344,海宁皮城,L72商务服务业
002345,潮宏基,C24文教、工美、体育和娱乐用品制造业
002346,柘中股份,C38电气机械和器材制造业
002347,泰尔股份,C34通用设备制造业
002348,高乐股份,C24文教、工美、体育和娱乐用品制造业
002349,精华制药,C27医药制造业
002350,北京科锐,C38电气机械和器材制造业
002351,漫步者,C39计算机、通信和其他电子设备制造业
002352,顺丰控股,G60邮政业
002353,杰瑞股份,C35专用设备制造业
002354,天娱数科,I64互联网和相关服务
002355,兴民智通,C36汽车制造业
002356,赫美集团,F52零售业
002357,富临运业,G54道路运输业
002358,森源电气,C38电气机械和器材制造业
002360,ST同德,C26化学原料和化学制品制造业
002361,神剑股份,C26化学原料和化学制品制造业
002362,汉王科技,C39计算机、通信和其他电子设备制造业
002363,隆基机械,C36汽车制造业
002364,中恒电气,C38电气机械和器材制造业
002365,永安药业,C27医药制造业
002366,融发核电,C35专用设备制造业
002367,康力电梯,C34通用设备制造业
002368,太极股份,I65软件和信息技术服务业
002369,卓翼科技,C39计算机、通信和其他电子设备制造业
002370,亚太药业,C27医药制造业
002371,北方华创,C35专用设备制造业
002372,伟星新材,C29橡胶和塑料制品业
002373,千方科技,I65软件和信息技术服务业
002374,中锐股份,C33金属制品业
002375,亚厦股份,E50建筑装饰、装修和其他建筑业
002376,新北洋,C39计算机、通信和其他电子设备制造业
002377,国创高新,C25石油、煤炭及其他燃料加工业
002378,章源钨业,C32有色金属冶炼和压延加工业
002379,宏桥控股,C32有色金属冶炼和压延加工业
002380,科远智慧,I65软件和信息技术服务业
002381,双箭股份,C29橡胶和塑料制品业
002382,蓝帆医疗,C29橡胶和塑料制品业
002383,合众思壮,C39计算机、通信和其他电子设备制造业
002384,东山精密,C39计算机、通信和其他电子设备制造业
002385,大北农,C13农副食品加工业
002386,天原股份,C26化学原料和化学制品制造业
002387,维信诺,C39计算机、通信和其他电子设备制造业
002388,新亚制程,C39计算机、通信和其他电子设备制造业
002389,航天彩虹,C37铁路、船舶、航空航天和其他运输设备制造业
002390,信邦制药,F51批发业
002391,长青股份,C26化学原料和化学制品制造业
002392,北京利尔,C30非金属矿物制品业
002393,力生制药,C27医药制造业
002394,联发股份,C17纺织业
002395,双象股份,C29橡胶和塑料制品业
002396,星网锐捷,C39计算机、通信和其他电子设备制造业
002397,梦洁股份,C17纺织业
002398,垒知集团,C26化学原料和化学制品制造业
002399,海普瑞,C27医药制造业
002400,省广集团,L72商务服务业
002401,中远海科,I65软件和信息技术服务业
002402,和而泰,C39计算机、通信和其他电子设备制造业
002403,爱仕达,C33金属制品业
002404,嘉欣丝绸,C18纺织服装、服饰业
002405,四维图新,I65软件和信息技术服务业
002406,远东传动,C36汽车制造业
002407,多氟多,C26化学原料和化学制品制造业
002408,齐翔腾达,C26化学原料和化学制品制造业
002409,雅克科技,C26化学原料和化学制品制造业
002410,广联达,I65软件和信息技术服务业
002412,汉森制药,C27医药制造业
002413,雷科防务,C39计算机、通信和其他电子设备制造业
002414,高德红外,C39计算机、通信和其他电子设备制造业
002415,海康威视,C39计算机、通信和其他电子设备制造业
002416,爱施德,F51批发业
002418,康盛股份,C34通用设备制造业
002419,天虹股份,F52零售业
002420,毅昌科技,C29橡胶和塑料制品业
002421,达实智能,I65软件和信息技术服务业
002422,科伦药业,C27医药制造业
002423,中粮资本,J68保险业
002424,ST百灵,C27医药制造业
002425,凯撒文化,I64互联网和相关服务
002426,胜利精密,C39计算机、通信和其他电子设备制造业
002427,尤夫股份,C28化学纤维制造业
002428,云南锗业,C32有色金属冶炼和压延加工业
002429,兆驰股份,C39计算机、通信和其他电子设备制造业
002430,杭氧股份,C35专用设备制造业
002431,ST棕榈,E48土木工程建筑业
002432,九安医疗,C35专用设备制造业
002434,万里扬,C36汽车制造业
002436,兴森科技,C39计算机、通信和其他电子设备制造业
002437,誉衡药业,C27医药制造业
002438,江苏神通,C34通用设备制造业
002439,启明星辰,I65软件和信息技术服务业
002440,闰土股份,C26化学原料和化学制品制造业
002441,众业达,F51批发业
002442,龙星科技,C26化学原料和化学制品制造业
002443,金洲管道,C33金属制品业
002444,巨星科技,C33金属制品业
002445,中南文化,C33金属制品业
002446,盛路通信,C39计算机、通信和其他电子设备制造业
002448,中原内配,C36汽车制造业
002449,国星光电,C39计算机、通信和其他电子设备制造业
002451,摩恩电气,C38电气机械和器材制造业
002452,长高电气,C38电气机械和器材制造业
002453,华软科技,C26化学原料和化学制品制造业
002454,松芝股份,C36汽车制造业
002455,百川股份,C26化学原料和化学制品制造业
002456,欧菲光,C39计算机、通信和其他电子设备制造业
002457,青龙管业,C30非金属矿物制品业
002458,益生股份,A03畜牧业
002459,晶澳科技,C38电气机械和器材制造业
002460,赣锋锂业,C32有色金属冶炼和压延加工业
002461,珠江啤酒,C15酒、饮料和精制茶制造业
002462,嘉事堂,F51批发业
002463,沪电股份,C39计算机、通信和其他电子设备制造业
002465,海格通信,C39计算机、通信和其他电子设备制造业
002466,天齐锂业,C32有色金属冶炼和压延加工业
002467,二六三,I64互联网和相关服务
002468,申通快递,G60邮政业
002469,三维化学,C26化学原料和化学制品制造业
002470,金正大,C26化学原料和化学制品制造业
002471,中超控股,C38电气机械和器材制造业
002472,双环传动,C36汽车制造业
002474,榕基软件,I65软件和信息技术服务业
002475,立讯精密,C39计算机、通信和其他电子设备制造业
002476,新叶股份,C26化学原料和化学制品制造业
002478,常宝股份,C33金属制品业
002479,富春环保,D44电力、热力生产和供应业
002480,新筑股份,C34通用设备制造业
002481,双塔食品,C14食品制造业
002482,广田集团,E50建筑装饰、装修和其他建筑业
002483,润邦股份,C34通用设备制造业
002484,江海股份,C39计算机、通信和其他电子设备制造业
002485,ST雪发,L72商务服务业
002486,嘉麟杰,C18纺织服装、服饰业
002487,大金重工,C33金属制品业
002488,金固股份,C36汽车制造业
002489,浙江永强,C21家具制造业
002490,山东墨龙,C35专用设备制造业
002491,通鼎互联,C38电气机械和器材制造业
002492,恒基达鑫,G59装卸搬运和仓储业
002493,荣盛石化,C26化学原料和化学制品制造业
002494,华斯股份,C19皮革、毛皮、羽毛及其制品和制鞋业
002495,佳隆股份,C14食品制造业
002496,辉丰股份,C26化学原料和化学制品制造业
002497,雅化集团,C32有色金属冶炼和压延加工业
002498,汉缆股份,C38电气机械和器材制造业
002500,山西证券,J67资本市场服务
002501,*ST利源,C32有色金属冶炼和压延加工业
002506,协鑫集成,C38电气机械和器材制造业
002507,涪陵榨菜,C14食品制造业
002508,老板电器,C38电气机械和器材制造业
002510,天汽模,C36汽车制造业
002511,中顺洁柔,C22造纸和纸制品业
002512,ST达华,C39计算机、通信和其他电子设备制造业
002513,蓝丰生化,C38电气机械和器材制造业
002514,*ST宝馨,C33金属制品业
002515,金字火腿,C13农副食品加工业
002516,旷达科技,C17纺织业
002517,恺英网络,I64互联网和相关服务
002518,科士达,C38电气机械和器材制造业
002519,银河电子,C39计算机、通信和其他电子设备制造业
002520,日发精机,C34通用设备制造业
002521,齐峰新材,C22造纸和纸制品业
002522,浙江众成,C29橡胶和塑料制品业
002523,天桥起重,C34通用设备制造业
002524,光正眼科,Q84卫生
002526,山东矿机,C35专用设备制造业
002527,新时达,C34通用设备制造业
002528,*ST英飞,C39计算机、通信和其他电子设备制造业
002529,海源复材,C34通用设备制造业
002530,金财互联,C33金属制品业
002531,天顺风能,C38电气机械和器材制造业
002532,天山铝业,C32有色金属冶炼和压延加工业
002533,金杯电工,C38电气机械和器材制造业
002534,西子洁能,C34通用设备制造业
002535,林州重机,C35专用设备制造业
002536,飞龙股份,C36汽车制造业
002537,海联金汇,C36汽车制造业
002538,ST司特,C26化学原料和化学制品制造业
002539,云图控股,C26化学原料和化学制品制造业
002540,亚太科技,C32有色金属冶炼和压延加工业
002541,鸿路钢构,C33金属制品业
002542,*ST中岩,E48土木工程建筑业
002543,万和电气,C38电气机械和器材制造业
002544,普天科技,I65软件和信息技术服务业
002545,东方铁塔,C26化学原料和化学制品制造业
002546,新联电子,C40仪器仪表制造业
002547,*ST春兴,C33金属制品业
002548,金新农,C13农副食品加工业
002549,凯美特气,N77生态保护和环境治理业
002550,千红制药,C27医药制造业
002551,尚荣医疗,C35专用设备制造业
002552,宝鼎科技,C39计算机、通信和其他电子设备制造业
002553,南方精工,C36汽车制造业
002554,惠博普,B11开采专业及辅助性活动
002555,三七互娱,I64互联网和相关服务
002556,辉隆股份,F52零售业
002557,洽洽食品,C13农副食品加工业
002558,巨人网络,I64互联网和相关服务
002559,亚威股份,C34通用设备制造业
002560,通达股份,C38电气机械和器材制造业
002561,徐家汇,F52零售业
002562,兄弟科技,C27医药制造业
002563,森马服饰,C18纺织服装、服饰业
002564,天沃科技,C35专用设备制造业
002565,顺灏股份,C22造纸和纸制品业
002566,益盛药业,C27医药制造业
002567,唐人神,C13农副食品加工业
002568,百润股份,C15酒、饮料和精制茶制造业
002569,*ST步森,C18纺织服装、服饰业
002570,贝因美,C14食品制造业
002571,德力股份,C30非金属矿物制品业
002572,索菲亚,C21家具制造业
002573,清新环境,N77生态保护和环境治理业
002574,明牌珠宝,C24文教、工美、体育和娱乐用品制造业
002575,群兴玩具,F51批发业
002576,通达动力,C38电气机械和器材制造业
002577,雷柏科技,C39计算机、通信和其他电子设备制造业
002578,闽发铝业,C32有色金属冶炼和压延加工业
002579,中京电子,C39计算机、通信和其他电子设备制造业
002580,圣阳股份,C38电气机械和器材制造业
002581,*ST未名,C27医药制造业
002582,好想你,C13农副食品加工业
002583,海能达,C39计算机、通信和其他电子设备制造业
002584,西陇科学,C26化学原料和化学制品制造业
002585,双星新材,C29橡胶和塑料制品业
002586,ST围海,E48土木工程建筑业
002587,奥拓电子,C39计算机、通信和其他电子设备制造业
002588,史丹利,C26化学原料和化学制品制造业
002589,瑞康医药,F51批发业
002590,万安科技,C36汽车制造业
002591,恒大高新,C26化学原料和化学制品制造业
002592,ST八菱,C36汽车制造业
002593,日上集团,C36汽车制造业
002594,比亚迪,C36汽车制造业
002595,豪迈科技,C35专用设备制造业
002596,海南瑞泽,C30非金属矿物制品业
002597,金禾实业,C14食品制造业
002598,ST章鼓,C34通用设备制造业
002599,盛通股份,C23印刷和记录媒介复制业
002600,领益智造,C39计算机、通信和其他电子设备制造业
002601,龙佰集团,C26化学原料和化学制品制造业
002602,世纪华通,I64互联网和相关服务
002603,以岭药业,C27医药制造业
002605,姚记科技,I64互联网和相关服务
002606,大连电瓷,C38电气机械和器材制造业
002607,中公教育,P83教育
002608,江苏国信,D44电力、热力生产和供应业
002609,捷顺科技,I65软件和信息技术服务业
002611,东方精工,C35专用设备制造业
002612,朗姿股份,C18纺织服装、服饰业
002613,北玻股份,C35专用设备制造业
002614,奥佳华,C38电气机械和器材制造业
002615,哈尔斯,C33金属制品业
002616,长青集团,N77生态保护和环境治理业
002617,露笑科技,C38电气机械和器材制造业
002620,*ST瑞和,E50建筑装饰、装修和其他建筑业
002622,皓宸医疗,Q84卫生
002623,亚玛顿,C30非金属矿物制品业
002624,完美世界,I64互联网和相关服务
002625,光启技术,C37铁路、船舶、航空航天和其他运输设备制造业
002626,金达威,C14食品制造业
002627,三峡旅游,N78公共设施管理业
002628,成都路桥,E48土木工程建筑业
002629,仁智股份,B11开采专业及辅助性活动
002630,*ST华西,C34通用设备制造业
002631,德尔未来,C20木材加工和木、竹、藤、棕、草制品业
002632,道明光学,C26化学原料和化学制品制造业
002633,申科股份,C34通用设备制造业
002634,*ST棒杰,C18纺织服装、服饰业
002635,安洁科技,C39计算机、通信和其他电子设备制造业
002636,金安国纪,C39计算机、通信和其他电子设备制造业
002637,赞宇科技,C26化学原料和化学制品制造业
002638,勤上股份,C38电气机械和器材制造业
002639,雪人集团,C34通用设备制造业
002640,跨境通,F52零售业
002641,公元股份,C29橡胶和塑料制品业
002642,荣联科技,I65软件和信息技术服务业
002643,万润股份,C26化学原料和化学制品制造业
002644,佛慈制药,C27医药制造业
002645,华宏科技,C42废弃资源综合利用业
002646,天佑德酒,C15酒、饮料和精制茶制造业
002647,仁东控股,J69其他金融业
002648,卫星化学,C26化学原料和化学制品制造业
002649,博彦科技,I65软件和信息技术服务业
002650,ST加加,C14食品制造业
002651,利君股份,C35专用设备制造业
002652,扬子新材,C33金属制品业
002653,海思科,C27医药制造业
002654,万润科技,L72商务服务业
002655,共达电声,C39计算机、通信和其他电子设备制造业
002656,*ST摩登,C18纺织服装、服饰业
002657,中科金财,I65软件和信息技术服务业
002658,雪迪龙,C40仪器仪表制造业
002659,凯文教育,P83教育
002660,茂硕电源,C39计算机、通信和其他电子设备制造业
002661,克明食品,C14食品制造业
002662,峰璟股份,C36汽车制造业
002663,普邦股份,E48土木工程建筑业
002664,信质集团,C36汽车制造业
002666,德联集团,C26化学原料和化学制品制造业
002667,*ST威领,C32有色金属冶炼和压延加工业
002668,TCL智家,C38电气机械和器材制造业
002669,康达新材,C26化学原料和化学制品制造业
002670,国盛证券,J67资本市场服务
002671,龙泉股份,C30非金属矿物制品业
002672,东江环保,C42废弃资源综合利用业
002673,西部证券,J67资本市场服务
002674,兴业科技,C19皮革、毛皮、羽毛及其制品和制鞋业
002675,东诚药业,C27医药制造业
002676,顺威股份,C29橡胶和塑料制品业
002677,浙江美大,C38电气机械和器材制造业
002678,珠江钢琴,C24文教、工美、体育和娱乐用品制造业
002679,福建金森,A02林业
002681,奋达科技,C39计算机、通信和其他电子设备制造业
002682,龙洲股份,G54道路运输业
002683,广东宏大,B11开采专业及辅助性活动
002685,华东重机,C34通用设备制造业
002686,亿利达,C34通用设备制造业
002687,乔治白,C18纺织服装、服饰业
002688,金河生物,C27医药制造业
002689,ST远智,C34通用设备制造业
002690,美亚光电,C35专用设备制造业
002691,*ST冀凯,C35专用设备制造业
002692,远程股份,C38电气机械和器材制造业
002693,双成药业,C27医药制造业
002694,*ST顾地,C29橡胶和塑料制品业
002695,煌上煌,C13农副食品加工业
002696,百洋股份,C13农副食品加工业
002697,红旗连锁,F52零售业
002698,博实股份,C34通用设备制造业
002700,万憬能源,D45燃气生产和供应业
002701,奥瑞金,C33金属制品业
002702,海欣食品,C13农副食品加工业
002703,浙江世宝,C36汽车制造业
002705,新宝股份,C38电气机械和器材制造业
002706,良信股份,C38电气机械和器材制造业
002707,众信旅游,L72商务服务业
002708,光洋股份,C36汽车制造业
002709,天赐材料,C39计算机、通信和其他电子设备制造业
002712,思美传媒,L72商务服务业
002713,*ST东易,E50建筑装饰、装修和其他建筑业
002714,牧原股份,A03畜牧业
002715,登云股份,C36汽车制造业
002716,湖南白银,C32有色金属冶炼和压延加工业
002717,*ST岭南,N77生态保护和环境治理业
002718,友邦吊顶,C41其他制造业
002719,ST麦趣,C14食品制造业
002721,金一文化,C24文教、工美、体育和娱乐用品制造业
002722,物产金轮,C33金属制品业
002723,小崧股份,C38电气机械和器材制造业
002724,海洋王,C38电气机械和器材制造业
002725,跃岭股份,C36汽车制造业
002726,ST龙大,C13农副食品加工业
002727,一心堂,F52零售业
002728,特一药业,C27医药制造业
002729,好利科技,C39计算机、通信和其他电子设备制造业
002730,电光科技,C35专用设备制造业
002731,ST萃华,C24文教、工美、体育和娱乐用品制造业
002732,燕塘乳业,C14食品制造业
002733,雄韬股份,C38电气机械和器材制造业
002734,利民股份,C26化学原料和化学制品制造业
002735,王子新材,C29橡胶和塑料制品业
002736,国信证券,J67资本市场服务
002737,葵花药业,C27医药制造业
002738,中矿资源,C32有色金属冶炼和压延加工业
002739,儒意电影,R87广播、电视、电影和录音制作业
002741,光华科技,C39计算机、通信和其他电子设备制造业
002742,冀衡医药,C30非金属矿物制品业
002743,富煌钢构,C33金属制品业
002745,木林森,C38电气机械和器材制造业
002746,仙坛股份,C13农副食品加工业
002747,埃斯顿,C34通用设备制造业
002748,世龙实业,C26化学原料和化学制品制造业
002749,国光股份,C26化学原料和化学制品制造业
002752,昇兴股份,C33金属制品业
002753,永东股份,C26化学原料和化学制品制造业
002755,奥赛康,C27医药制造业
002756,永兴材料,C32有色金属冶炼和压延加工业
002757,南兴股份,C35专用设备制造业
002758,浙农股份,F51批发业
002759,天际股份,C26化学原料和化学制品制造业
002760,凤形股份,C33金属制品业
002761,浙江建投,E48土木工程建筑业
002762,金发拉比,C18纺织服装、服饰业
002763,汇洁股份,C18纺织服装、服饰业
002765,蓝黛科技,C36汽车制造业
002766,索菱股份,C39计算机、通信和其他电子设备制造业
002767,先锋电子,C40仪器仪表制造业
002768,国恩股份,C29橡胶和塑料制品业
002769,普路通,L72商务服务业
002771,真视通,I65软件和信息技术服务业
002772,众兴菌业,A01农业
002773,康弘药业,C27医药制造业
002774,快意电梯,C34通用设备制造业
002775,文科股份,E48土木工程建筑业
002777,久远银海,I65软件和信息技术服务业
002778,中晟高科,C25石油、煤炭及其他燃料加工业
002779,中坚科技,C35专用设备制造业
002780,三夫户外,F52零售业
002782,可立克,C39计算机、通信和其他电子设备制造业
002783,凯龙股份,C26化学原料和化学制品制造业
002785,万里石,C30非金属矿物制品业
002786,银宝山新,C35专用设备制造业
002787,华源控股,C33金属制品业
002788,鹭燕医药,F51批发业
002789,*ST建艺,E50建筑装饰、装修和其他建筑业
002790,瑞尔特,C29橡胶和塑料制品业
002791,坚朗五金,C33金属制品业
002792,通宇通讯,C39计算机、通信和其他电子设备制造业
002793,罗欣药业,C27医药制造业
002795,永和智控,C34通用设备制造业
002796,世嘉科技,C39计算机、通信和其他电子设备制造业
002797,第一创业,J67资本市场服务
002798,帝欧水华,C30非金属矿物制品业
002799,环球印务,C22造纸和纸制品业
002800,天顺股份,G54道路运输业
002801,微光股份,C38电气机械和器材制造业
002802,洪汇新材,C26化学原料和化学制品制造业
002803,吉宏股份,F52零售业
002805,丰元股份,C39计算机、通信和其他电子设备制造业
002806,华锋股份,C39计算机、通信和其他电子设备制造业
002807,江阴银行,J66货币金融服务
002809,红墙股份,C26化学原料和化学制品制造业
002810,山东赫达,C26化学原料和化学制品制造业
002811,郑中设计,M74专业技术服务业
002812,恩捷股份,C29橡胶和塑料制品业
002813,路畅科技,C39计算机、通信和其他电子设备制造业
002815,崇达技术,C39计算机、通信和其他电子设备制造业
002816,*ST和科,C34通用设备制造业
002817,黄山胶囊,C27医药制造业
002818,富森美,L72商务服务业
002819,东方中科,F51批发业
002820,桂发祥,C14食品制造业
002821,凯莱英,C27医药制造业
002822,ST中装,E50建筑装饰、装修和其他建筑业
002823,凯中精密,C38电气机械和器材制造业
002824,和胜股份,C36汽车制造业
002825,纳尔股份,C29橡胶和塑料制品业
002826,易明医药,C27医药制造业
002827,高争民爆,C26化学原料和化学制品制造业
002828,贝肯能源,B11开采专业及辅助性活动
002829,星网宇达,C37铁路、船舶、航空航天和其他运输设备制造业
002830,名雕股份,E50建筑装饰、装修和其他建筑业
002831,裕同科技,C22造纸和纸制品业
002832,比音勒芬,C18纺织服装、服饰业
002833,弘亚数控,C35专用设备制造业
002835,同为股份,C39计算机、通信和其他电子设备制造业
002836,新宏泽,C23印刷和记录媒介复制业
002837,英维克,C35专用设备制造业
002838,道恩股份,C29橡胶和塑料制品业
002839,张家港行,J66货币金融服务
002840,华统股份,C13农副食品加工业
002841,视源股份,C39计算机、通信和其他电子设备制造业
002842,翔鹭钨业,C32有色金属冶炼和压延加工业
002843,泰嘉股份,C34通用设备制造业
002845,同兴达,C39计算机、通信和其他电子设备制造业
002846,英联股份,C33金属制品业
002847,盐津铺子,C14食品制造业
002848,高斯贝尔,C39计算机、通信和其他电子设备制造业
002849,威星智能,C40仪器仪表制造业
002850,科达利,C33金属制品业
002851,麦格米特,C38电气机械和器材制造业
002852,道道全,C13农副食品加工业
002853,皮阿诺,C21家具制造业
002855,捷荣技术,C39计算机、通信和其他电子设备制造业
002856,*ST美芝,E50建筑装饰、装修和其他建筑业
002857,三晖电气,C40仪器仪表制造业
002858,力盛体育,R89体育
002859,洁美科技,C39计算机、通信和其他电子设备制造业
002860,星帅尔,C38电气机械和器材制造业
002861,瀛通通讯,C39计算机、通信和其他电子设备制造业
002862,实丰文化,C24文教、工美、体育和娱乐用品制造业
002863,今飞凯达,C36汽车制造业
002864,盘龙药业,C27医药制造业
002865,钧达股份,C38电气机械和器材制造业
002866,传艺科技,C39计算机、通信和其他电子设备制造业
002867,周大生,F51批发业
002868,绿康生化,C27医药制造业
002869,金溢科技,C39计算机、通信和其他电子设备制造业
002870,香山股份,C36汽车制造业
002871,伟隆股份,C34通用设备制造业
002872,ST天圣,C27医药制造业
002873,新天药业,C27医药制造业
002875,安奈儿,C18纺织服装、服饰业
002876,三利谱,C39计算机、通信和其他电子设备制造业
002877,智能自控,C34通用设备制造业
002878,元隆雅图,L72商务服务业
002879,长缆科技,C38电气机械和器材制造业
002880,卫光生物,C27医药制造业
002881,美格智能,C39计算机、通信和其他电子设备制造业
002882,金龙羽,C38电气机械和器材制造业
002883,*ST中设,M74专业技术服务业
002884,凌霄泵业,C34通用设备制造业
002885,京泉华,C39计算机、通信和其他电子设备制造业
002886,沃特股份,C29橡胶和塑料制品业
002887,绿茵生态,N77生态保护和环境治理业
002888,惠威科技,C39计算机、通信和其他电子设备制造业
002889,东方嘉盛,L72商务服务业
002890,弘宇股份,C35专用设备制造业
002891,中宠股份,C13农副食品加工业
002892,科力尔,C38电气机械和器材制造业
002893,京能热力,D44电力、热力生产和供应业
002895,川恒股份,C26化学原料和化学制品制造业
002896,中大力德,C34通用设备制造业
002897,意华股份,C38电气机械和器材制造业
002898,*ST赛隆,C27医药制造业
002899,英派斯,C24文教、工美、体育和娱乐用品制造业
002900,哈三联,C27医药制造业
002901,大博医疗,C35专用设备制造业
002902,铭普光磁,C39计算机、通信和其他电子设备制造业
002903,宇环数控,C34通用设备制造业
002905,金逸影视,R87广播、电视、电影和录音制作业
002906,华阳集团,C39计算机、通信和其他电子设备制造业
002907,华森制药,C27医药制造业
002908,德生科技,I65软件和信息技术服务业
002909,集泰股份,C26化学原料和化学制品制造业
002910,庄园牧场,C14食品制造业
002911,佛燃能源,D45燃气生产和供应业
002912,中新赛克,I65软件和信息技术服务业
002913,奥士康,C39计算机、通信和其他电子设备制造业
002915,中欣氟材,C26化学原料和化学制品制造业
002916,深南电路,C39计算机、通信和其他电子设备制造业
002917,金奥博,C26化学原料和化学制品制造业
002918,蒙娜丽莎,C30非金属矿物制品业
002919,名臣健康,I64互联网和相关服务
002920,德赛西威,C39计算机、通信和其他电子设备制造业
002921,联诚精密,C34通用设备制造业
002922,伊戈尔,C38电气机械和器材制造业
002923,润都股份,C27医药制造业
002925,盈趣科技,C39计算机、通信和其他电子设备制造业
002926,华西证券,J67资本市场服务
002927,泰永长征,C38电气机械和器材制造业
002928,华夏航空,G56航空运输业
002929,润建股份,I65软件和信息技术服务业
002930,宏川智慧,G59装卸搬运和仓储业
002931,锋龙股份,C35专用设备制造业
002932,*ST明德,C27医药制造业
002933,新兴装备,C37铁路、船舶、航空航天和其他运输设备制造业
002935,天奥电子,C39计算机、通信和其他电子设备制造业
002936,郑州银行,J66货币金融服务
002937,兴瑞科技,C39计算机、通信和其他电子设备制造业
002938,鹏鼎控股,C39计算机、通信和其他电子设备制造业
002939,长城证券,J67资本市场服务
002940,昂利康,C27医药制造业
002941,新疆交建,E48土木工程建筑业
002942,新农股份,C26化学原料和化学制品制造业
002943,宇晶股份,C34通用设备制造业
002945,华林证券,J67资本市场服务
002946,新乳业,C14食品制造业
002947,恒铭达,C39计算机、通信和其他电子设备制造业
002948,青岛银行,J66货币金融服务
002949,华阳国际,M74专业技术服务业
002950,奥美医疗,C27医药制造业
002951,金时科技,C23印刷和记录媒介复制业
002952,亚世光电,C39计算机、通信和其他电子设备制造业
002953,日丰股份,C38电气机械和器材制造业
002955,鸿合科技,C39计算机、通信和其他电子设备制造业
002956,西麦食品,C14食品制造业
002957,科瑞技术,C35专用设备制造业
002958,青农商行,J66货币金融服务
002959,小熊电器,C38电气机械和器材制造业
002960,青鸟智控,C39计算机、通信和其他电子设备制造业
002961,瑞达期货,J67资本市场服务
002962,五方光电,C39计算机、通信和其他电子设备制造业
002963,豪尔赛,E50建筑装饰、装修和其他建筑业
002965,祥鑫科技,C36汽车制造业
002966,苏州银行,J66货币金融服务
002967,广电计量,M74专业技术服务业
002968,新大正,K70房地产业
002969,嘉美包装,C33金属制品业
002970,锐明技术,I65软件和信息技术服务业
002971,和远气体,C26化学原料和化学制品制造业
002972,科安达,C39计算机、通信和其他电子设备制造业
002973,侨银股份,N78公共设施管理业
002975,博杰股份,C35专用设备制造业
002976,瑞玛精密,C33金属制品业
002977,*ST天箭,C39计算机、通信和其他电子设备制造业
002978,安宁股份,B09有色金属矿采选业
002979,雷赛智能,C40仪器仪表制造业
002980,华盛昌,C40仪器仪表制造业
002981,朝阳科技,C39计算机、通信和其他电子设备制造业
002982,湘佳股份,A03畜牧业
002983,芯瑞达,C39计算机、通信和其他电子设备制造业
002984,森麒麟,C29橡胶和塑料制品业
002985,北摩高科,C37铁路、船舶、航空航天和其他运输设备制造业
002986,宇新股份,C26化学原料和化学制品制造业
002987,京北方,I65软件和信息技术服务业
002988,豪美新材,C32有色金属冶炼和压延加工业
002989,中天精装,E50建筑装饰、装修和其他建筑业
002990,盛视科技,I65软件和信息技术服务业
002991,甘源食品,C13农副食品加工业
002992,宝明科技,C39计算机、通信和其他电子设备制造业
002993,奥海科技,C39计算机、通信和其他电子设备制造业
002995,天地在线,L72商务服务业
002996,顺博合金,C42废弃资源综合利用业
002997,瑞鹄模具,C35专用设备制造业
002998,优彩资源,C28化学纤维制造业
002999,天禾股份,F52零售业
600000,浦发银行,J66货币金融服务
600004,白云机场,G56航空运输业
600006,东风股份,C36汽车制造业
600007,中国国贸,K70房地产业
600008,首创环保,D46水的生产和供应业
600009,上海机场,G56航空运输业
600010,包钢股份,C31黑色金属冶炼和压延加工业
600011,华能国际,D44电力、热力生产和供应业
600012,皖通高速,G54道路运输业
600015,华夏银行,J66货币金融服务
600016,民生银行,J66货币金融服务
600017,日照港,G55水上运输业
600018,上港集团,G55水上运输业
600019,宝钢股份,C31黑色金属冶炼和压延加工业
600020,中原高速,G54道路运输业
600021,上海电力,D44电力、热力生产和供应业
600022,山东钢铁,C31黑色金属冶炼和压延加工业
600023,浙能电力,D44电力、热力生产和供应业
600025,华能水电,D44电力、热力生产和供应业
600026,中远海能,G55水上运输业
600027,华电国际,D44电力、热力生产和供应业
600028,中国石化,B07石油和天然气开采业
600029,南方航空,G56航空运输业
600030,中信证券,J67资本市场服务
600031,三一重工,C35专用设备制造业
600032,浙江新能,D44电力、热力生产和供应业
600033,福建高速,G54道路运输业
600035,楚天高速,G54道路运输业
600036,招商银行,J66货币金融服务
600037,歌华有线,I63电信、广播电视和卫星传输服务
600038,中直股份,C37铁路、船舶、航空航天和其他运输设备制造业
600039,四川路桥,E48土木工程建筑业
600048,保利发展,K70房地产业
600050,中国联通,I63电信、广播电视和卫星传输服务
600051,宁波联合,F51批发业
600052,东望时代,L72商务服务业
600053,*ST九鼎,J67资本市场服务
600054,黄山旅游,N78公共设施管理业
600055,万东医疗,C35专用设备制造业
600056,中国医药,F51批发业
600057,厦门象屿,L72商务服务业
600058,五矿发展,F51批发业
600059,古越龙山,C15酒、饮料和精制茶制造业
600060,海信视像,C39计算机、通信和其他电子设备制造业
600061,国投资本,J67资本市场服务
600062,华润双鹤,C27医药制造业
600063,皖维高新,C26化学原料和化学制品制造业
600064,南京高科,K70房地产业
600066,宇通客车,C36汽车制造业
600067,冠城新材,C38电气机械和器材制造业
600071,凤凰光学,C40仪器仪表制造业
600072,中船科技,E48土木工程建筑业
600073,光明肉业,C13农副食品加工业
600075,新疆天业,C26化学原料和化学制品制造业
600076,康欣新材,C20木材加工和木、竹、藤、棕、草制品业
600078,澄星股份,C26化学原料和化学制品制造业
600079,ST人福,C27医药制造业
600080,ST金花,C27医药制造业
600081,东风科技,C36汽车制造业
600082,ST海泰,F51批发业
600084,*ST尼雅,C15酒、饮料和精制茶制造业
600085,同仁堂,C27医药制造业
600088,中视传媒,R87广播、电视、电影和录音制作业
600089,特变电工,C38电气机械和器材制造业
600094,大名城,K70房地产业
600095,湘财股份,J67资本市场服务
600096,云天化,C26化学原料和化学制品制造业
600097,开创国际,A04渔业
600098,广州发展,D44电力、热力生产和供应业
600099,林海股份,C37铁路、船舶、航空航天和其他运输设备制造业
600100,同方股份,C39计算机、通信和其他电子设备制造业
600101,明星电力,D44电力、热力生产和供应业
600103,青山纸业,C22造纸和纸制品业
600104,上汽集团,C36汽车制造业
600105,永鼎股份,C38电气机械和器材制造业
600106,重庆路桥,G54道路运输业
600107,*ST尔雅,C18纺织服装、服饰业
600108,亚盛集团,A01农业
600109,国金证券,J67资本市场服务
600110,诺德股份,C39计算机、通信和其他电子设备制造业
600111,北方稀土,C32有色金属冶炼和压延加工业
600113,浙江东日,L72商务服务业
600114,东睦股份,C33金属制品业
600115,中国东航,G56航空运输业
600116,三峡水利,D44电力、热力生产和供应业
600117,西宁特钢,C31黑色金属冶炼和压延加工业
600118,中国卫星,C39计算机、通信和其他电子设备制造业
600119,*ST长投,G54道路运输业
600120,浙江东方,J69其他金融业
600121,郑州煤电,B06煤炭开采和洗选业
600123,兰花科创,B06煤炭开采和洗选业
600125,铁龙物流,G53铁路运输业
600126,杭钢股份,C31黑色金属冶炼和压延加工业
600127,金健米业,C13农副食品加工业
600128,苏豪弘业,F51批发业
600129,太极集团,C27医药制造业
600130,波导股份,C39计算机、通信和其他电子设备制造业
600131,国网信通,I65软件和信息技术服务业
600132,重庆啤酒,C15酒、饮料和精制茶制造业
600133,东湖高新,N77生态保护和环境治理业
600135,乐凯胶片,C26化学原料和化学制品制造业
600136,ST明诚,R87广播、电视、电影和录音制作业
600137,浪莎股份,C18纺织服装、服饰业
600138,中青旅,L72商务服务业
600141,兴发集团,C26化学原料和化学制品制造业
600143,金发科技,C29橡胶和塑料制品业
600148,长春一东,C36汽车制造业
600149,廊坊发展,D44电力、热力生产和供应业
600150,中国船舶,C37铁路、船舶、航空航天和其他运输设备制造业
600151,航天机电,C38电气机械和器材制造业
600152,维科技术,C38电气机械和器材制造业
600153,建发股份,L72商务服务业
600155,华创云信,J67资本市场服务
600156,华升股份,C17纺织业
600157,永泰能源,D44电力、热力生产和供应业
600158,中体产业,R89体育
600159,大龙地产,E47房屋建筑业
600160,巨化股份,C26化学原料和化学制品制造业
600161,天坛生物,C27医药制造业
600162,香江控股,K70房地产业
600163,中闽能源,D44电力、热力生产和供应业
600165,ST宁科,C26化学原料和化学制品制造业
600166,福田汽车,C36汽车制造业
600167,联美控股,D44电力、热力生产和供应业
600168,武汉控股,D46水的生产和供应业
600169,ST太重,C35专用设备制造业
600170,上海建工,E48土木工程建筑业
600171,上海贝岭,C39计算机、通信和其他电子设备制造业
600172,黄河旋风,C30非金属矿物制品业
600173,卧龙新能,K70房地产业
600176,中国巨石,C30非金属矿物制品业
600177,雅戈尔,C18纺织服装、服饰业
600178,东安动力,C36汽车制造业
600179,安通控股,G58多式联运和运输代理业
600180,*ST瑞茂,F51批发业
600182,S佳通,C29橡胶和塑料制品业
600183,生益科技,C39计算机、通信和其他电子设备制造业
600184,光电股份,C35专用设备制造业
600185,珠免集团,L72商务服务业
600186,莲花控股,C14食品制造业
600187,*ST国中,D46水的生产和供应业
600188,兖矿能源,B06煤炭开采和洗选业
600189,泉阳泉,C15酒、饮料和精制茶制造业
600191,华资实业,C13农副食品加工业
600192,长城电工,C38电气机械和器材制造业
600195,中牧股份,C27医药制造业
600196,复星医药,C27医药制造业
600197,伊力特,C15酒、饮料和精制茶制造业
600198,大唐电信,C39计算机、通信和其他电子设备制造业
600199,金种子酒,C15酒、饮料和精制茶制造业
600201,生物股份,C27医药制造业
600202,哈空调,C34通用设备制造业
600203,福日电子,C39计算机、通信和其他电子设备制造业
600206,有研新材,C32有色金属冶炼和压延加工业
600207,安彩高科,C30非金属矿物制品业
600208,衢州发展,K70房地产业
600210,紫江企业,C29橡胶和塑料制品业
600211,西藏药业,C27医药制造业
600212,绿能慧充,C38电气机械和器材制造业
600215,派斯林,C34通用设备制造业
600216,浙江医药,C27医药制造业
600217,中再资环,C42废弃资源综合利用业
600218,全柴动力,C34通用设备制造业
600219,南山铝业,C32有色金属冶炼和压延加工业
600221,海航控股,G56航空运输业
600222,太龙药业,C27医药制造业
600223,福瑞达,C26化学原料和化学制品制造业
600226,亨通股份,D44电力、热力生产和供应业
600227,赤天化,C26化学原料和化学制品制造业
600228,返利科技,I64互联网和相关服务
600229,城市传媒,R86新闻和出版业
600230,沧州大化,C26化学原料和化学制品制造业
600231,凌钢股份,C31黑色金属冶炼和压延加工业
600232,金鹰股份,C17纺织业
600233,圆通速递,G60邮政业
600234,科新发展,E50建筑装饰、装修和其他建筑业
600235,民丰特纸,C22造纸和纸制品业
600236,桂冠电力,D44电力、热力生产和供应业
600237,铜峰电子,C39计算机、通信和其他电子设备制造业
600238,*ST椰岛,C15酒、饮料和精制茶制造业
600239,ST云城,K70房地产业
600241,时代万恒,C38电气机械和器材制造业
600243,*ST海华,C34通用设备制造业
600246,万通发展,K70房地产业
600248,陕建股份,E48土木工程建筑业
600249,两面针,C26化学原料和化学制品制造业
600250,南京商旅,N78公共设施管理业
600251,冠农股份,C13农副食品加工业
600252,中恒集团,C27医药制造业
600255,鑫科材料,C32有色金属冶炼和压延加工业
600256,广汇能源,B07石油和天然气开采业
600257,大湖股份,A04渔业
600258,首旅酒店,H61住宿业
600259,中稀有色,B09有色金属矿采选业
600261,阳光照明,C38电气机械和器材制造业
600262,北方股份,C35专用设备制造业
600265,*ST景谷,C20木材加工和木、竹、藤、棕、草制品业
600266,城建发展,K70房地产业
600267,海正药业,C27医药制造业
600268,国电南自,C38电气机械和器材制造业
600269,赣粤高速,G54道路运输业
600271,航天信息,I65软件和信息技术服务业
600272,开开实业,F51批发业
600273,嘉化能源,C26化学原料和化学制品制造业
600276,恒瑞医药,C27医药制造业
600278,东方创业,F51批发业
600279,重庆港,G55水上运输业
600280,中央商场,F52零售业
600281,华阳新材,C32有色金属冶炼和压延加工业
600282,南钢股份,C31黑色金属冶炼和压延加工业
600283,钱江水利,D46水的生产和供应业
600284,浦东建设,E48土木工程建筑业
600285,羚锐制药,C27医药制造业
600287,苏豪时尚,F51批发业
600288,大恒科技,C39计算机、通信和其他电子设备制造业
600289,ST信通,I65软件和信息技术服务业
600292,电投水电,N77生态保护和环境治理业
600293,三峡新材,C30非金属矿物制品业
600295,鄂尔多斯,C31黑色金属冶炼和压延加工业
600298,安琪酵母,C14食品制造业
600299,安迪苏,C14食品制造业
600300,维维股份,C15酒、饮料和精制茶制造业
600301,华锡有色,B09有色金属矿采选业
600302,ST标准,C35专用设备制造业
600303,曙光股份,C36汽车制造业
600305,恒顺醋业,C14食品制造业
600307,酒钢宏兴,C31黑色金属冶炼和压延加工业
600308,华泰股份,C22造纸和纸制品业
600309,万华化学,C26化学原料和化学制品制造业
600310,广西能源,D44电力、热力生产和供应业
600312,平高电气,C38电气机械和器材制造业
600313,农发种业,F51批发业
600315,上海家化,C26化学原料和化学制品制造业
600316,洪都航空,C37铁路、船舶、航空航天和其他运输设备制造业
600318,新力金融,J66货币金融服务
600319,亚星化学,C26化学原料和化学制品制造业
600320,振华重工,C34通用设备制造业
600322,津投城开,K70房地产业
600323,瀚蓝环境,N77生态保护和环境治理业
600325,华发股份,K70房地产业
600326,西藏天路,C30非金属矿物制品业
600327,大东方,Q84卫生
600328,中盐化工,C26化学原料和化学制品制造业
600329,达仁堂,C27医药制造业
600330,天通股份,C39计算机、通信和其他电子设备制造业
600331,宏达股份,C26化学原料和化学制品制造业
600332,白云山,C27医药制造业
600333,长春燃气,D45燃气生产和供应业
600335,国机汽车,F51批发业
600336,澳柯玛,C38电气机械和器材制造业
600337,ST美克,F52零售业
600338,西藏珠峰,B09有色金属矿采选业
600339,中油工程,B11开采专业及辅助性活动
600340,*ST华幸,K70房地产业
600343,航天动力,C34通用设备制造业
600345,长江通信,C39计算机、通信和其他电子设备制造业
600346,恒力石化,C26化学原料和化学制品制造业
600348,华阳股份,B06煤炭开采和洗选业
600350,山东高速,G54道路运输业
600351,亚宝药业,C27医药制造业
600352,浙江龙盛,C26化学原料和化学制品制造业
600353,旭光电子,C39计算机、通信和其他电子设备制造业
600354,敦煌种业,A05农、林、牧、渔专业及辅助性活动
600356,恒丰纸业,C22造纸和纸制品业
600358,国旅联合,L72商务服务业
600359,新农开发,A01农业
600360,华微电子,C39计算机、通信和其他电子设备制造业
600361,创新新材,C32有色金属冶炼和压延加工业
600362,江西铜业,C32有色金属冶炼和压延加工业
600363,联创光电,C39计算机、通信和其他电子设备制造业
600365,ST通葡,F52零售业
600366,宁波韵升,C30非金属矿物制品业
600367,红星发展,C26化学原料和化学制品制造业
600368,五洲交通,G54道路运输业
600369,西南证券,J67资本市场服务
600370,*ST三房,C26化学原料和化学制品制造业
600371,万向德农,A05农、林、牧、渔专业及辅助性活动
600372,中航机载,C37铁路、船舶、航空航天和其他运输设备制造业
600373,中文传媒,R86新闻和出版业
600375,汉马科技,C36汽车制造业
600376,首开股份,K70房地产业
600377,宁沪高速,G54道路运输业
600378,昊华科技,C26化学原料和化学制品制造业
600379,宝光股份,C38电气机械和器材制造业
600380,健康元,C27医药制造业
600381,*ST春天,C14食品制造业
600382,广东明珠,B08黑色金属矿采选业
600383,金地集团,K70房地产业
600386,北巴传媒,F52零售业
600388,龙净环保,C35专用设备制造业
600389,江山股份,C26化学原料和化学制品制造业
600390,五矿资本,J69其他金融业
600391,航发科技,C37铁路、船舶、航空航天和其他运输设备制造业
600392,盛和资源,C32有色金属冶炼和压延加工业
600395,盘江股份,B06煤炭开采和洗选业
600396,华电辽能,D44电力、热力生产和供应业
600397,江钨装备,C35专用设备制造业
600398,海澜之家,C18纺织服装、服饰业
600399,抚顺特钢,C31黑色金属冶炼和压延加工业
600400,红豆股份,C18纺织服装、服饰业
600403,大有能源,B06煤炭开采和洗选业
600405,动力源,C39计算机、通信和其他电子设备制造业
600406,国电南瑞,I65软件和信息技术服务业
600408,安泰集团,C31黑色金属冶炼和压延加工业
600409,三友化工,C26化学原料和化学制品制造业
600410,华胜天成,I65软件和信息技术服务业
600415,小商品城,L72商务服务业
600416,湘电股份,C38电气机械和器材制造业
600418,江淮汽车,C36汽车制造业
600419,天润乳业,C14食品制造业
600420,国药现代,C27医药制造业
600422,昆药集团,C27医药制造业
600423,*ST柳化,C26化学原料和化学制品制造业
600425,青松建化,C30非金属矿物制品业
600426,华鲁恒升,C26化学原料和化学制品制造业
600428,中远海特,G55水上运输业
600429,三元股份,C14食品制造业
600433,冠豪高新,C22造纸和纸制品业
600435,北方导航,C39计算机、通信和其他电子设备制造业
600436,片仔癀,C27医药制造业
600438,通威股份,C38电气机械和器材制造业
600439,瑞贝卡,C19皮革、毛皮、羽毛及其制品和制鞋业
600444,国机通用,C35专用设备制造业
600446,金证股份,I65软件和信息技术服务业
600448,华纺股份,C17纺织业
600449,宁夏建材,C30非金属矿物制品业
600452,涪陵电力,D44电力、热力生产和供应业
600455,博通股份,P83教育
600456,宝钛股份,C32有色金属冶炼和压延加工业
600458,时代新材,C29橡胶和塑料制品业
600459,贵研铂业,C32有色金属冶炼和压延加工业
600460,士兰微,C39计算机、通信和其他电子设备制造业
600461,洪城环境,D46水的生产和供应业
600463,空港股份,E48土木工程建筑业
600467,好当家,A04渔业
600468,百利电气,C38电气机械和器材制造业
600469,风神股份,C29橡胶和塑料制品业
600470,六国化工,C26化学原料和化学制品制造业
600475,华光环能,N77生态保护和环境治理业
600476,*ST湘邮,I65软件和信息技术服务业
600477,杭萧钢构,C33金属制品业
600478,科力远,C38电气机械和器材制造业
600479,千金药业,C27医药制造业
600480,凌云股份,C36汽车制造业
600481,双良节能,C34通用设备制造业
600482,中国动力,C37铁路、船舶、航空航天和其他运输设备制造业
600483,福能股份,D44电力、热力生产和供应业
600486,扬农化工,C26化学原料和化学制品制造业
600487,亨通光电,C38电气机械和器材制造业
600488,津药药业,C27医药制造业
600489,中金黄金,B09有色金属矿采选业
600490,鹏欣资源,C32有色金属冶炼和压延加工业
600491,ST龙元,E48土木工程建筑业
600493,凤竹纺织,C17纺织业
600495,晋西车轴,C37铁路、船舶、航空航天和其他运输设备制造业
600496,精工钢构,C33金属制品业
600497,驰宏锌锗,C32有色金属冶炼和压延加工业
600498,烽火通信,C39计算机、通信和其他电子设备制造业
600499,科达制造,C35专用设备制造业
600500,中化国际,C26化学原料和化学制品制造业
600501,航天晨光,C35专用设备制造业
600502,安徽建工,E48土木工程建筑业
600503,华丽家族,K70房地产业
600505,西昌电力,D44电力、热力生产和供应业
600506,统一股份,C25石油、煤炭及其他燃料加工业
600507,方大特钢,C31黑色金属冶炼和压延加工业
600508,上海能源,B06煤炭开采和洗选业
600509,天富能源,D44电力、热力生产和供应业
600510,黑牡丹,K70房地产业
600511,国药股份,F51批发业
600512,腾达建设,E48土木工程建筑业
600513,联环药业,C27医药制造业
600515,海南机场,K70房地产业
600516,方大炭素,C30非金属矿物制品业
600517,国网英大,J69其他金融业
600518,康美药业,C27医药制造业
600519,贵州茅台,C15酒、饮料和精制茶制造业
600520,三佳科技,C35专用设备制造业
600521,华海药业,C27医药制造业
600522,中天科技,C38电气机械和器材制造业
600523,贵航股份,C36汽车制造业
600525,ST长园,C38电气机械和器材制造业
600526,菲达环保,C35专用设备制造业
600527,江南高纤,C28化学纤维制造业
600528,中铁工业,C35专用设备制造业
600529,山东药玻,C30非金属矿物制品业
600530,交大昂立,C14食品制造业
600531,豫光金铅,C32有色金属冶炼和压延加工业
600533,栖霞建设,K70房地产业
600535,天士力,C27医药制造业
600536,中国软件,I65软件和信息技术服务业
600537,*ST亿晶,C38电气机械和器材制造业
600538,国发股份,F51批发业
600539,狮头股份,F52零售业
600540,新赛股份,A01农业
600543,*ST莫高,C15酒、饮料和精制茶制造业
600545,卓郎智能,C35专用设备制造业
600546,山煤国际,B06煤炭开采和洗选业
600547,山东黄金,B09有色金属矿采选业
600548,深高速,G54道路运输业
600549,厦门钨业,C32有色金属冶炼和压延加工业
600550,保变电气,C38电气机械和器材制造业
600551,时代出版,R86新闻和出版业
600552,凯盛科技,C39计算机、通信和其他电子设备制造业
600556,天下秀,I64互联网和相关服务
600557,康缘药业,C27医药制造业
600558,大西洋,C33金属制品业
600559,老白干酒,C15酒、饮料和精制茶制造业
600560,金自天正,C35专用设备制造业
600561,江西长运,G54道路运输业
600562,国睿科技,C39计算机、通信和其他电子设备制造业
600563,法拉电子,C39计算机、通信和其他电子设备制造业
600566,济川药业,C27医药制造业
600567,山鹰国际,C22造纸和纸制品业
600568,ST中珠,Q84卫生
600569,安阳钢铁,C31黑色金属冶炼和压延加工业
600570,恒生电子,I65软件和信息技术服务业
600571,信雅达,I65软件和信息技术服务业
600572,康恩贝,C27医药制造业
600573,惠泉啤酒,C15酒、饮料和精制茶制造业
600575,淮河能源,G55水上运输业
600576,祥源文旅,N78公共设施管理业
600577,精达股份,C38电气机械和器材制造业
600578,京能电力,D44电力、热力生产和供应业
600579,中化装备,C35专用设备制造业
600580,卧龙电驱,C38电气机械和器材制造业
600581,*ST八钢,C31黑色金属冶炼和压延加工业
600582,天地科技,C35专用设备制造业
600583,海油工程,B11开采专业及辅助性活动
600584,长电科技,C39计算机、通信和其他电子设备制造业
600585,海螺水泥,C30非金属矿物制品业
600586,金晶科技,C30非金属矿物制品业
600587,新华医疗,C35专用设备制造业
600588,用友网络,I65软件和信息技术服务业
600589,大位科技,I65软件和信息技术服务业
600590,泰豪科技,C38电气机械和器材制造业
600592,龙溪股份,C34通用设备制造业
600593,大连圣亚,N78公共设施管理业
600594,益佰制药,C27医药制造业
600595,中孚实业,C32有色金属冶炼和压延加工业
600596,新安股份,C26化学原料和化学制品制造业
600597,光明乳业,C14食品制造业
600598,北大荒,A01农业
600600,青岛啤酒,C15酒、饮料和精制茶制造业
600601,方正科技,C39计算机、通信和其他电子设备制造业
600602,云赛智联,I65软件和信息技术服务业
600603,广汇物流,G53铁路运输业
600604,市北高新,K70房地产业
600605,汇通能源,K70房地产业
600606,绿地控股,E48土木工程建筑业
600609,金杯汽车,C36汽车制造业
600610,中毅达,C26化学原料和化学制品制造业
600611,大众交通,G54道路运输业
600612,老凤祥,C24文教、工美、体育和娱乐用品制造业
600613,神奇制药,C27医药制造业
600615,鑫源智造,C33金属制品业
600616,金枫酒业,C15酒、饮料和精制茶制造业
600617,国新能源,D45燃气生产和供应业
600618,氯碱化工,C26化学原料和化学制品制造业
600619,海立股份,C34通用设备制造业
600620,天宸股份,S91综合
600621,华鑫股份,J67资本市场服务
600622,光大嘉宝,K70房地产业
600623,华谊集团,C26化学原料和化学制品制造业
600624,ST复华,C27医药制造业
600626,申达股份,C17纺织业
600628,新世界,F52零售业
600629,华建集团,M74专业技术服务业
600630,龙头股份,C18纺织服装、服饰业
600633,浙数文化,I64互联网和相关服务
600635,大众公用,D45燃气生产和供应业
600637,东方明珠,I63电信、广播电视和卫星传输服务
600638,新黄浦,K70房地产业
600639,浦东金桥,K70房地产业
600640,国脉文化,I64互联网和相关服务
600641,先导基电,K70房地产业
600642,申能股份,D44电力、热力生产和供应业
600643,爱建集团,J69其他金融业
600644,乐山电力,D44电力、热力生产和供应业
600645,中源协和,C27医药制造业
600648,外高桥,F51批发业
600649,城投控股,K70房地产业
600650,锦江在线,G54道路运输业
600651,飞乐音响,C38电气机械和器材制造业
600653,申华控股,F52零售业
600654,中安科,L72商务服务业
600655,豫园股份,F52零售业
600657,信达地产,K70房地产业
600658,电子城,K70房地产业
600660,福耀玻璃,C30非金属矿物制品业
600661,昂立教育,P83教育
600662,外服控股,L72商务服务业
600663,陆家嘴,K70房地产业
600664,哈药股份,C27医药制造业
600665,天地源,K70房地产业
600666,奥瑞德,C30非金属矿物制品业
600667,太极实业,E48土木工程建筑业
600668,尖峰集团,C30非金属矿物制品业
600671,天目药业,C27医药制造业
600673,东阳光,S91综合
600674,川投能源,D44电力、热力生产和供应业
600675,中华企业,K70房地产业
600676,交运股份,G54道路运输业
600678,ST金顶,C30非金属矿物制品业
600679,上海凤凰,C37铁路、船舶、航空航天和其他运输设备制造业
600681,百川能源,D45燃气生产和供应业
600682,南京新百,C27医药制造业
600683,京投发展,K70房地产业
600684,珠江股份,K70房地产业
600685,中船防务,C37铁路、船舶、航空航天和其他运输设备制造业
600686,金龙汽车,C36汽车制造业
600688,上海石化,C25石油、煤炭及其他燃料加工业
600689,上海三毛,F51批发业
600690,海尔智家,C38电气机械和器材制造业
600691,潞化科技,C26化学原料和化学制品制造业
600692,亚通股份,K70房地产业
600693,东百集团,F52零售业
600694,大商股份,F52零售业
600697,欧亚集团,F52零售业
600698,湖南天雁,C36汽车制造业
600699,均胜电子,C39计算机、通信和其他电子设备制造业
600702,舍得酒业,C15酒、饮料和精制茶制造业
600703,三安光电,C39计算机、通信和其他电子设备制造业
600704,物产中大,F51批发业
600706,曲江文旅,N78公共设施管理业
600707,彩虹股份,C39计算机、通信和其他电子设备制造业
600708,光明地产,K70房地产业
600710,苏美达,F51批发业
600711,盛屯矿业,B09有色金属矿采选业
600712,南宁百货,F52零售业
600713,南京医药,F51批发业
600714,金瑞矿业,C26化学原料和化学制品制造业
600715,文投控股,R87广播、电视、电影和录音制作业
600716,凤凰股份,K70房地产业
600717,天津港,G55水上运输业
600718,东软集团,I65软件和信息技术服务业
600719,大连热电,D44电力、热力生产和供应业
600720,中交设计,M74专业技术服务业
600721,百花医药,M73研究和试验发展
600722,金牛化工,C26化学原料和化学制品制造业
600724,宁波富达,C30非金属矿物制品业
600725,云维股份,F51批发业
600726,华电能源,D44电力、热力生产和供应业
600727,鲁北化工,C26化学原料和化学制品制造业
600728,佳都科技,I65软件和信息技术服务业
600729,重百集团,F52零售业
600730,*ST高科,P83教育
600731,湖南海利,C26化学原料和化学制品制造业
600732,爱旭股份,C38电气机械和器材制造业
600733,北汽蓝谷,C36汽车制造业
600734,*ST实达,I65软件和信息技术服务业
600735,ST新华锦,C41其他制造业
600736,苏州高新,K70房地产业
600737,中粮糖业,C13农副食品加工业
600738,丽尚国潮,F52零售业
600739,辽宁成大,F51批发业
600740,山西焦化,C25石油、煤炭及其他燃料加工业
600741,华域汽车,C36汽车制造业
600742,富维股份,C36汽车制造业
600743,华远控股,K70房地产业
600744,华银电力,D44电力、热力生产和供应业
600745,*ST闻泰,C39计算机、通信和其他电子设备制造业
600746,江苏索普,C26化学原料和化学制品制造业
600748,上实发展,K70房地产业
600749,西藏旅游,N78公共设施管理业
600750,华润江中,C27医药制造业
600751,海航科技,G55水上运输业
600753,ST海钦,F51批发业
600754,锦江酒店,H61住宿业
600755,厦门国贸,L72商务服务业
600756,浪潮软件,I65软件和信息技术服务业
600757,长江传媒,R86新闻和出版业
600758,辽宁能源,B06煤炭开采和洗选业
600759,ST洲际,B07石油和天然气开采业
600760,中航沈飞,C37铁路、船舶、航空航天和其他运输设备制造业
600761,安徽合力,C34通用设备制造业
600763,通策医疗,Q84卫生
600764,中国海防,C39计算机、通信和其他电子设备制造业
600765,中航重机,C37铁路、船舶、航空航天和其他运输设备制造业
600768,宁波富邦,C32有色金属冶炼和压延加工业
600769,祥龙电业,D46水的生产和供应业
600770,综艺股份,D44电力、热力生产和供应业
600771,广誉远,C27医药制造业
600773,西藏城投,K70房地产业
600774,汉商集团,C27医药制造业
600775,南京熊猫,C39计算机、通信和其他电子设备制造业
600776,东方通信,C39计算机、通信和其他电子设备制造业
600777,新潮能源,B07石油和天然气开采业
600778,友好集团,F52零售业
600779,水井坊,C15酒、饮料和精制茶制造业
600780,通宝能源,D44电力、热力生产和供应业
600782,新钢股份,C31黑色金属冶炼和压延加工业
600783,鲁信创投,J67资本市场服务
600784,鲁银投资,C14食品制造业
600785,新华百货,F52零售业
600787,中储股份,G59装卸搬运和仓储业
600789,鲁抗医药,C27医药制造业
600790,轻纺城,L72商务服务业
600791,京能置业,K70房地产业
600792,云煤能源,C25石油、煤炭及其他燃料加工业
600793,宜宾纸业,C22造纸和纸制品业
600794,保税科技,G59装卸搬运和仓储业
600795,国电电力,D44电力、热力生产和供应业
600796,钱江生化,D46水的生产和供应业
600797,浙大网新,I65软件和信息技术服务业
600798,宁波海运,G55水上运输业
600800,渤海化学,C26化学原料和化学制品制造业
600801,华新建材,C30非金属矿物制品业
600802,福建水泥,C30非金属矿物制品业
600803,新奥股份,D45燃气生产和供应业
600805,悦达投资,S91综合
600807,济高发展,C27医药制造业
600808,马钢股份,C31黑色金属冶炼和压延加工业
600809,山西汾酒,C15酒、饮料和精制茶制造业
600810,神马股份,C28化学纤维制造业
600812,华北制药,C27医药制造业
600814,杭州解百,F52零售业
600815,厦工股份,C35专用设备制造业
600816,建元信托,J69其他金融业
600817,宇通重工,C35专用设备制造业
600818,ST中路,C37铁路、船舶、航空航天和其他运输设备制造业
600819,耀皮玻璃,C30非金属矿物制品业
600820,隧道股份,E48土木工程建筑业
600821,金开新能,D44电力、热力生产和供应业
600822,上海物贸,F51批发业
600824,益民集团,F52零售业
600825,新华传媒,R86新闻和出版业
600826,兰生股份,L72商务服务业
600827,百联股份,F52零售业
600828,茂业商业,F52零售业
600829,人民同泰,F51批发业
600830,香溢融通,J69其他金融业
600831,广电网络,I63电信、广播电视和卫星传输服务
600833,第一医药,F52零售业
600834,申通地铁,S91综合
600835,上海机电,C34通用设备制造业
600838,上海九百,F52零售业
600839,四川长虹,C39计算机、通信和其他电子设备制造业
600841,动力新科,C34通用设备制造业
600843,上工申贝,C35专用设备制造业
600844,金煤科技,C26化学原料和化学制品制造业
600845,宝信软件,I65软件和信息技术服务业
600846,同济科技,E48土木工程建筑业
600847,万里股份,C38电气机械和器材制造业
600848,上海临港,K70房地产业
600850,电科数字,I65软件和信息技术服务业
600851,海欣股份,C27医药制造业
600853,龙建股份,E48土木工程建筑业
600854,春兰股份,C38电气机械和器材制造业
600855,航天长峰,C35专用设备制造业
600857,宁波中百,F52零售业
600858,银座股份,F52零售业
600859,王府井,F52零售业
600860,京城股份,C35专用设备制造业
600861,北京人力,L72商务服务业
600862,中航高科,C37铁路、船舶、航空航天和其他运输设备制造业
600863,华能蒙电,D44电力、热力生产和供应业
600864,哈投股份,J67资本市场服务
600865,百大集团,F52零售业
600866,星湖科技,C14食品制造业
600867,通化东宝,C27医药制造业
600868,梅雁吉祥,D44电力、热力生产和供应业
600869,远东股份,C38电气机械和器材制造业
600871,石化油服,B11开采专业及辅助性活动
600872,中炬高新,C14食品制造业
600873,梅花生物,C14食品制造业
600874,创业环保,D46水的生产和供应业
600875,东方电气,C34通用设备制造业
600876,凯盛新能,C30非金属矿物制品业
600877,电科芯片,C39计算机、通信和其他电子设备制造业
600879,航天电子,C37铁路、船舶、航空航天和其他运输设备制造业
600880,博瑞传播,R86新闻和出版业
600881,亚泰集团,C30非金属矿物制品业
600882,妙可蓝多,C14食品制造业
600883,博闻科技,C13农副食品加工业
600884,杉杉股份,C39计算机、通信和其他电子设备制造业
600885,宏发股份,C38电气机械和器材制造业
600886,国投电力,D44电力、热力生产和供应业
600887,伊利股份,C14食品制造业
600888,新疆众和,C39计算机、通信和其他电子设备制造业
600889,*ST京化,C28化学纤维制造业
600892,*ST大晟,I64互联网和相关服务
600893,航发动力,C37铁路、船舶、航空航天和其他运输设备制造业
600894,广日股份,C34通用设备制造业
600895,张江高科,K70房地产业
600897,厦门空港,G56航空运输业
600900,长江电力,D44电力、热力生产和供应业
600901,江苏金租,J66货币金融服务
600903,贵州燃气,D45燃气生产和供应业
600905,三峡能源,D44电力、热力生产和供应业
600906,财达证券,J67资本市场服务
600908,无锡银行,J66货币金融服务
600909,华安证券,J67资本市场服务
600916,中国黄金,F52零售业
600917,重庆燃气,D45燃气生产和供应业
600918,中泰证券,J67资本市场服务
600919,江苏银行,J66货币金融服务
600925,苏能股份,B06煤炭开采和洗选业
600926,杭州银行,J66货币金融服务
600927,永安期货,J67资本市场服务
600928,西安银行,J66货币金融服务
600929,雪天盐业,C14食品制造业
600930,华电新能,D44电力、热力生产和供应业
600933,爱柯迪,C36汽车制造业
600935,华塑股份,C26化学原料和化学制品制造业
600936,北投科技,I63电信、广播电视和卫星传输服务
600938,中国海油,B07石油和天然气开采业
600939,重庆建工,E47房屋建筑业
600941,中国移动,I63电信、广播电视和卫星传输服务
600955,维远股份,C26化学原料和化学制品制造业
600956,新天绿能,D45燃气生产和供应业
600958,东方证券,J67资本市场服务
600959,江苏有线,I63电信、广播电视和卫星传输服务
600960,渤海汽车,C36汽车制造业
600961,株冶集团,C32有色金属冶炼和压延加工业
600962,国投中鲁,C15酒、饮料和精制茶制造业
600963,岳阳林纸,C22造纸和纸制品业
600965,*ST福成,C13农副食品加工业
600966,博汇纸业,C22造纸和纸制品业
600967,内蒙一机,C37铁路、船舶、航空航天和其他运输设备制造业
600968,海油发展,B11开采专业及辅助性活动
600969,郴电国际,D44电力、热力生产和供应业
600970,中材国际,E48土木工程建筑业
600971,恒源煤电,B06煤炭开采和洗选业
600973,宝胜股份,C38电气机械和器材制造业
600975,新五丰,A03畜牧业
600976,健民集团,F51批发业
600977,中国电影,R87广播、电视、电影和录音制作业
600979,广安爱众,D44电力、热力生产和供应业
600980,北矿科技,C35专用设备制造业
600981,苏豪汇鸿,F51批发业
600982,宁波能源,D44电力、热力生产和供应业
600983,惠而浦,C38电气机械和器材制造业
600984,建设机械,L71租赁业
600985,淮北矿业,B06煤炭开采和洗选业
600986,浙文互联,I64互联网和相关服务
600987,航民股份,C17纺织业
600988,赤峰黄金,B09有色金属矿采选业
600989,宝丰能源,C26化学原料和化学制品制造业
600990,四创电子,C39计算机、通信和其他电子设备制造业
600992,贵绳股份,C33金属制品业
600993,马应龙,C27医药制造业
600995,南网储能,D44电力、热力生产和供应业
600996,贵广网络,I63电信、广播电视和卫星传输服务
600997,开滦股份,C25石油、煤炭及其他燃料加工业
600998,九州通,F51批发业
600999,招商证券,J67资本市场服务
601000,唐山港,G55水上运输业
601001,晋控煤业,B06煤炭开采和洗选业
601002,晋亿实业,C34通用设备制造业
601003,柳钢股份,C31黑色金属冶炼和压延加工业
601005,重庆钢铁,C31黑色金属冶炼和压延加工业
601006,大秦铁路,G53铁路运输业
601007,金陵饭店,H61住宿业
601008,连云港,G55水上运输业
601009,南京银行,J66货币金融服务
601010,ST文峰,F52零售业
601011,宝泰隆,C25石油、煤炭及其他燃料加工业
601012,隆基绿能,C38电气机械和器材制造业
601015,陕西黑猫,C25石油、煤炭及其他燃料加工业
601016,节能风电,D44电力、热力生产和供应业
601018,宁波港,G55水上运输业
601019,山东出版,R86新闻和出版业
601020,华钰矿业,B09有色金属矿采选业
601021,春秋航空,G56航空运输业
601022,宁波远洋,G55水上运输业
601026,道生天合,C26化学原料和化学制品制造业
601033,永兴股份,N77生态保护和环境治理业
601038,一拖股份,C35专用设备制造业
601058,赛轮轮胎,C29橡胶和塑料制品业
601059,信达证券,J67资本市场服务
601061,中信金属,F51批发业
601065,江盐集团,C26化学原料和化学制品制造业
601066,中信建投,J67资本市场服务
601068,中铝国际,E48土木工程建筑业
601069,西部黄金,B09有色金属矿采选业
601077,渝农商行,J66货币金融服务
601083,锦江航运,G55水上运输业
601086,国芳集团,F52零售业
601088,中国神华,B06煤炭开采和洗选业
601089,福元医药,C27医药制造业
601096,宏盛华源,C33金属制品业
601098,中南传媒,R86新闻和出版业
601099,太平洋,J67资本市场服务
601100,恒立液压,C34通用设备制造业
601101,昊华能源,B06煤炭开采和洗选业
601106,中国一重,C35专用设备制造业
601107,四川成渝,G54道路运输业
601108,财通证券,J67资本市场服务
601111,中国国航,G56航空运输业
601112,振石股份,C30非金属矿物制品业
601113,华鼎股份,F52零售业
601116,三江购物,F52零售业
601117,中国化学,E48土木工程建筑业
601118,海南橡胶,A01农业
601121,宝地矿业,B08黑色金属矿采选业
601126,四方股份,C38电气机械和器材制造业
601127,赛力斯,C36汽车制造业
601128,常熟银行,J66货币金融服务
601133,柏诚股份,E49建筑安装业
601136,首创证券,J67资本市场服务
601137,博威合金,C32有色金属冶炼和压延加工业
601138,工业富联,C39计算机、通信和其他电子设备制造业
601139,深圳燃气,D45燃气生产和供应业
601155,新城控股,K70房地产业
601156,东航物流,G56航空运输业
601158,重庆水务,D46水的生产和供应业
601162,天风证券,J67资本市场服务
601163,三角轮胎,C29橡胶和塑料制品业
601166,兴业银行,J66货币金融服务
601168,西部矿业,B09有色金属矿采选业
601169,北京银行,J66货币金融服务
601177,杭齿前进,C34通用设备制造业
601179,中国西电,C38电气机械和器材制造业
601186,中国铁建,E48土木工程建筑业
601187,厦门银行,J66货币金融服务
601188,龙江交通,G54道路运输业
601198,东兴证券,J67资本市场服务
601199,江南水务,D46水的生产和供应业
601200,上海环境,N77生态保护和环境治理业
601208,东材科技,C26化学原料和化学制品制造业
601211,国泰海通,J67资本市场服务
601212,白银有色,C32有色金属冶炼和压延加工业
601216,君正集团,C26化学原料和化学制品制造业
601218,吉鑫科技,C33金属制品业
601222,林洋能源,C38电气机械和器材制造业
601225,陕西煤业,B06煤炭开采和洗选业
601226,华电科工,M74专业技术服务业
601228,广州港,G55水上运输业
601229,上海银行,J66货币金融服务
601231,环旭电子,C39计算机、通信和其他电子设备制造业
601233,桐昆股份,C28化学纤维制造业
601236,红塔证券,J67资本市场服务
601238,广汽集团,C36汽车制造业
601279,英利汽车,C36汽车制造业
601288,农业银行,J66货币金融服务
601298,青岛港,G55水上运输业
601311,骆驼股份,C38电气机械和器材制造业
601318,中国平安,J68保险业
601319,中国人保,J68保险业
601326,秦港股份,G55水上运输业
601328,交通银行,J66货币金融服务
601330,绿色动力,N77生态保护和环境治理业
601333,广深铁路,G53铁路运输业
601336,新华保险,J68保险业
601339,百隆东方,C17纺织业
601360,三六零,I64互联网和相关服务
601366,利群股份,F52零售业
601368,绿城水务,D46水的生产和供应业
601369,陕鼓动力,C34通用设备制造业
601375,中原证券,J67资本市场服务
601377,兴业证券,J67资本市场服务
601388,怡球资源,C42废弃资源综合利用业
601390,中国中铁,E48土木工程建筑业
601398,工商银行,J66货币金融服务
601399,国机重装,C35专用设备制造业
601456,国联民生,J67资本市场服务
601500,通用股份,C29橡胶和塑料制品业
601512,中新集团,K70房地产业
601515,衢州东峰,C27医药制造业
601518,吉林高速,G54道路运输业
601519,大智慧,J69其他金融业
601528,瑞丰银行,J66货币金融服务
601555,东吴证券,J67资本市场服务
601566,九牧王,C18纺织服装、服饰业
601567,三星电气,C40仪器仪表制造业
601568,北元化工,C26化学原料和化学制品制造业
601577,长沙银行,J66货币金融服务
601579,会稽山,C15酒、饮料和精制茶制造业
601588,北辰实业,K70房地产业
601595,上海电影,R87广播、电视、电影和录音制作业
601598,中国外运,G58多式联运和运输代理业
601599,浙文影业,C17纺织业
601600,中国铝业,C32有色金属冶炼和压延加工业
601601,中国太保,J68保险业
601606,长城军工,C33金属制品业
601607,上海医药,F52零售业
601608,中信重工,C35专用设备制造业
601609,金田股份,C32有色金属冶炼和压延加工业
601611,中国核建,E48土木工程建筑业
601615,明阳智能,C34通用设备制造业
601616,广电电气,C38电气机械和器材制造业
601618,中国中冶,E48土木工程建筑业
601619,嘉泽新能,D44电力、热力生产和供应业
601628,中国人寿,J68保险业
601633,长城汽车,C36汽车制造业
601636,旗滨集团,C30非金属矿物制品业
601658,邮储银行,J66货币金融服务
601665,齐鲁银行,J66货币金融服务
601666,平煤股份,B06煤炭开采和洗选业
601668,中国建筑,E48土木工程建筑业
601669,中国电建,E48土木工程建筑业
601677,明泰铝业,C32有色金属冶炼和压延加工业
601678,滨化股份,C26化学原料和化学制品制造业
601686,友发集团,C33金属制品业
601688,华泰证券,J67资本市场服务
601689,拓普集团,C36汽车制造业
601696,中银证券,J67资本市场服务
601698,中国卫通,I63电信、广播电视和卫星传输服务
601699,潞安环能,B06煤炭开采和洗选业
601700,风范股份,C33金属制品业
601702,华峰铝业,C32有色金属冶炼和压延加工业
601717,中创智领,C35专用设备制造业
601718,ST际华,C18纺织服装、服饰业
601727,上海电气,C34通用设备制造业
601728,中国电信,I63电信、广播电视和卫星传输服务
601766,中国中车,C37铁路、船舶、航空航天和其他运输设备制造业
601777,千里科技,C36汽车制造业
601778,晶科科技,D44电力、热力生产和供应业
601788,光大证券,J67资本市场服务
601789,宁波建工,E48土木工程建筑业
601798,蓝科高新,C35专用设备制造业
601799,星宇股份,C36汽车制造业
601800,中国交建,E48土木工程建筑业
601801,皖新传媒,R86新闻和出版业
601808,中海油服,B11开采专业及辅助性活动
601811,新华文轩,R86新闻和出版业
601816,京沪高铁,G53铁路运输业
601818,光大银行,J66货币金融服务
601825,沪农商行,J66货币金融服务
601827,三峰环境,N77生态保护和环境治理业
601828,美凯龙,L72商务服务业
601838,成都银行,J66货币金融服务
601857,中国石油,B07石油和天然气开采业
601858,中国科传,R86新闻和出版业
601860,紫金银行,J66货币金融服务
601865,福莱特,C30非金属矿物制品业
601866,中远海发,G55水上运输业
601868,中国能建,E48土木工程建筑业
601869,长飞光纤,C39计算机、通信和其他电子设备制造业
601872,招商轮船,G55水上运输业
601877,正泰电器,C38电气机械和器材制造业
601878,浙商证券,J67资本市场服务
601880,辽港股份,G55水上运输业
601881,中国银河,J67资本市场服务
601882,海天精工,C34通用设备制造业
601886,江河集团,E50建筑装饰、装修和其他建筑业
601888,中国中免,L72商务服务业
601890,亚星锚链,C37铁路、船舶、航空航天和其他运输设备制造业
601898,中煤能源,B06煤炭开采和洗选业
601899,紫金矿业,B09有色金属矿采选业
601900,南方传媒,R86新闻和出版业
601901,方正证券,J67资本市场服务
601908,京运通,C38电气机械和器材制造业
601916,浙商银行,J66货币金融服务
601918,新集能源,B06煤炭开采和洗选业
601919,中远海控,G55水上运输业
601921,浙版传媒,R86新闻和出版业
601928,凤凰传媒,R86新闻和出版业
601929,吉视传媒,I63电信、广播电视和卫星传输服务
601933,永辉超市,F52零售业
601939,建设银行,J66货币金融服务
601949,中国出版,R86新闻和出版业
601952,苏垦农发,C13农副食品加工业
601956,东贝集团,C34通用设备制造业
601958,金钼股份,B09有色金属矿采选业
601963,重庆银行,J66货币金融服务
601965,中国汽研,M74专业技术服务业
601966,玲珑轮胎,C29橡胶和塑料制品业
601968,宝钢包装,C33金属制品业
601969,海南矿业,B08黑色金属矿采选业
601975,招商南油,G55水上运输业
601985,中国核电,D44电力、热力生产和供应业
601988,中国银行,J66货币金融服务
601990,南京证券,J67资本市场服务
601991,大唐发电,D44电力、热力生产和供应业
601992,金隅集团,C30非金属矿物制品业
601995,中金公司,J67资本市场服务
601996,丰林集团,C20木材加工和木、竹、藤、棕、草制品业
601997,贵阳银行,J66货币金融服务
601998,中信银行,J66货币金融服务
601999,出版传媒,R86新闻和出版业
603000,人民网,I64互联网和相关服务
603001,奥康国际,C19皮革、毛皮、羽毛及其制品和制鞋业
603002,宏昌电子,C39计算机、通信和其他电子设备制造业
603004,鼎龙科技,C26化学原料和化学制品制造业
603005,晶方科技,C39计算机、通信和其他电子设备制造业
603006,联明股份,C36汽车制造业
603007,顺景科技,E48土木工程建筑业
603008,ST喜临门,C21家具制造业
603009,北特科技,C36汽车制造业
603010,万盛股份,C26化学原料和化学制品制造业
603011,合锻智能,C34通用设备制造业
603012,创力集团,C35专用设备制造业
603013,亚普股份,C36汽车制造业
603014,威高血净,C35专用设备制造业
603015,弘讯科技,C40仪器仪表制造业
603016,新宏泰,C38电气机械和器材制造业
603017,中衡设计,M74专业技术服务业
603018,华设集团,M74专业技术服务业
603019,中科曙光,C39计算机、通信和其他电子设备制造业
603020,爱普股份,C14食品制造业
603021,*ST华鹏,C30非金属矿物制品业
603022,新通联,C20木材加工和木、竹、藤、棕、草制品业
603023,威帝股份,C39计算机、通信和其他电子设备制造业
603025,大豪科技,C39计算机、通信和其他电子设备制造业
603026,石大胜华,C26化学原料和化学制品制造业
603027,千禾味业,C14食品制造业
603028,赛福天,C33金属制品业
603029,天鹅股份,C35专用设备制造业
603030,全筑股份,E50建筑装饰、装修和其他建筑业
603031,安孚科技,C38电气机械和器材制造业
603032,德新科技,C35专用设备制造业
603033,三维股份,C29橡胶和塑料制品业
603035,常熟汽饰,C36汽车制造业
603036,如通股份,C35专用设备制造业
603037,凯众股份,C36汽车制造业
603038,华立股份,C41其他制造业
603039,泛微网络,I65软件和信息技术服务业
603040,新坐标,C36汽车制造业
603041,美思德,C26化学原料和化学制品制造业
603042,华脉科技,C39计算机、通信和其他电子设备制造业
603043,广州酒家,C14食品制造业
603045,福达合金,C38电气机械和器材制造业
603048,浙江黎明,C36汽车制造业
603049,中策橡胶,C29橡胶和塑料制品业
603050,科林电气,C38电气机械和器材制造业
603051,鹿山新材,C29橡胶和塑料制品业
603052,可川科技,C39计算机、通信和其他电子设备制造业
603053,成都燃气,D45燃气生产和供应业
603055,台华新材,C17纺织业
603057,紫燕食品,C13农副食品加工业
603058,永吉股份,C23印刷和记录媒介复制业
603059,倍加洁,C41其他制造业
603060,国检集团,M74专业技术服务业
603061,金海通,C35专用设备制造业
603062,麦加芯彩,C26化学原料和化学制品制造业
603063,禾望电气,C38电气机械和器材制造业
603065,宿迁联盛,C26化学原料和化学制品制造业
603066,音飞储存,G59装卸搬运和仓储业
603067,振华股份,C26化学原料和化学制品制造业
603068,博通集成,C39计算机、通信和其他电子设备制造业
603069,海汽集团,G54道路运输业
603070,万控智造,C38电气机械和器材制造业
603071,物产环能,F51批发业
603072,天和磁材,C39计算机、通信和其他电子设备制造业
603073,彩蝶实业,C17纺织业
603075,热威股份,C38电气机械和器材制造业
603076,乐惠国际,C35专用设备制造业
603077,和邦生物,C26化学原料和化学制品制造业
603078,江化微,C26化学原料和化学制品制造业
603079,圣达生物,C14食品制造业
603080,新疆火炬,D45燃气生产和供应业
603081,大丰实业,C35专用设备制造业
603082,北自科技,C34通用设备制造业
603083,剑桥科技,C39计算机、通信和其他电子设备制造业
603085,天成自控,C36汽车制造业
603086,先达股份,C26化学原料和化学制品制造业
603087,甘李药业,C27医药制造业
603088,宁波精达,C34通用设备制造业
603089,正裕工业,C36汽车制造业
603090,宏盛股份,C34通用设备制造业
603091,众鑫股份,C22造纸和纸制品业
603092,德力佳,C34通用设备制造业
603093,南华期货,J67资本市场服务
603095,越剑智能,C35专用设备制造业
603096,新经典,R86新闻和出版业
603097,江苏华辰,C38电气机械和器材制造业
603098,森特股份,E50建筑装饰、装修和其他建筑业
603099,长白山,N78公共设施管理业
603100,川仪股份,C40仪器仪表制造业
603101,汇嘉时代,F52零售业
603102,百合股份,C14食品制造业
603103,横店影视,R87广播、电视、电影和录音制作业
603105,芯能科技,D44电力、热力生产和供应业
603106,恒银科技,C39计算机、通信和其他电子设备制造业
603107,上海汽配,C36汽车制造业
603108,润达医疗,F51批发业
603109,神驰机电,C38电气机械和器材制造业
603110,东方材料,C26化学原料和化学制品制造业
603111,康尼机电,C37铁路、船舶、航空航天和其他运输设备制造业
603112,华翔股份,C33金属制品业
603113,金能科技,C26化学原料和化学制品制造业
603115,海星股份,C39计算机、通信和其他电子设备制造业
603116,红蜻蜓,C19皮革、毛皮、羽毛及其制品和制鞋业
603117,万林物流,G55水上运输业
603118,共进股份,C39计算机、通信和其他电子设备制造业
603119,浙江荣泰,C30非金属矿物制品业
603120,肯特催化,C26化学原料和化学制品制造业
603121,华培动力,C36汽车制造业
603122,合富中国,F51批发业
603123,翠微股份,F52零售业
603124,江南新材,C39计算机、通信和其他电子设备制造业
603125,常青科技,C26化学原料和化学制品制造业
603126,中材节能,M74专业技术服务业
603127,昭衍新药,M73研究和试验发展
603128,华贸物流,G58多式联运和运输代理业
603129,春风动力,C37铁路、船舶、航空航天和其他运输设备制造业
603130,云中马,C17纺织业
603131,上海沪工,C34通用设备制造业
603132,金徽股份,B09有色金属矿采选业
603135,中重科技,C35专用设备制造业
603136,天目湖,N78公共设施管理业
603137,恒尚节能,E50建筑装饰、装修和其他建筑业
603138,海量数据,I65软件和信息技术服务业
603139,康惠股份,C27医药制造业
603150,万朗磁塑,C38电气机械和器材制造业
603151,邦基科技,C13农副食品加工业
603153,上海建科,M74专业技术服务业
603155,新亚强,C26化学原料和化学制品制造业
603156,养元饮品,C15酒、饮料和精制茶制造业
603158,腾龙股份,C36汽车制造业
603159,上海亚虹,C29橡胶和塑料制品业
603160,汇顶科技,C39计算机、通信和其他电子设备制造业
603161,科华控股,C36汽车制造业
603162,海通发展,G55水上运输业
603163,圣晖集成,E49建筑安装业
603165,荣晟环保,C22造纸和纸制品业
603166,福达股份,C36汽车制造业
603167,渤海轮渡,G55水上运输业
603168,莎普爱思,C27医药制造业
603169,兰石重装,C35专用设备制造业
603170,宝立食品,C14食品制造业
603171,税友股份,I64互联网和相关服务
603172,万丰股份,C26化学原料和化学制品制造业
603173,福斯达,C34通用设备制造业
603175,超颖电子,C39计算机、通信和其他电子设备制造业
603176,汇通集团,E48土木工程建筑业
603177,德创环保,N77生态保护和环境治理业
603178,圣龙股份,C36汽车制造业
603179,新泉股份,C36汽车制造业
603180,金牌家居,C21家具制造业
603181,皇马科技,C26化学原料和化学制品制造业
603182,嘉华股份,C13农副食品加工业
603183,建研院,M74专业技术服务业
603185,弘元绿能,C38电气机械和器材制造业
603186,华正新材,C39计算机、通信和其他电子设备制造业
603187,海容冷链,C34通用设备制造业
603188,亚邦股份,C26化学原料和化学制品制造业
603189,*ST网达,I65软件和信息技术服务业
603190,亚通精工,C36汽车制造业
603191,望变电气,C38电气机械和器材制造业
603192,汇得科技,C26化学原料和化学制品制造业
603193,润本股份,C26化学原料和化学制品制造业
603194,中力股份,C34通用设备制造业
603195,公牛集团,C38电气机械和器材制造业
603196,璞源材料,C18纺织服装、服饰业
603197,保隆科技,C36汽车制造业
603198,迎驾贡酒,C15酒、饮料和精制茶制造业
603199,九华旅游,N78公共设施管理业
603200,上海洗霸,N77生态保护和环境治理业
603201,常润股份,C34通用设备制造业
603202,天有为,C36汽车制造业
603203,快克智能,C35专用设备制造业
603205,健尔康,C35专用设备制造业
603206,嘉环科技,I65软件和信息技术服务业
603207,小方制药,C27医药制造业
603208,江山欧派,C20木材加工和木、竹、藤、棕、草制品业
603209,兴通股份,G55水上运输业
603210,泰鸿万立,C36汽车制造业
603211,晋拓股份,C36汽车制造业
603212,赛伍技术,C29橡胶和塑料制品业
603213,镇洋发展,C26化学原料和化学制品制造业
603214,爱婴室,F52零售业
603215,比依股份,C38电气机械和器材制造业
603216,梦天家居,C20木材加工和木、竹、藤、棕、草制品业
603217,元利科技,C26化学原料和化学制品制造业
603218,日月股份,C34通用设备制造业
603219,富佳股份,C38电气机械和器材制造业
603220,中贝通信,I65软件和信息技术服务业
603221,爱丽家居,C29橡胶和塑料制品业
603222,济民健康,C35专用设备制造业
603223,恒通股份,D45燃气生产和供应业
603225,新凤鸣,C28化学纤维制造业
603226,菲林格尔,C20木材加工和木、竹、藤、棕、草制品业
603227,雪峰科技,C26化学原料和化学制品制造业
603228,景旺电子,C39计算机、通信和其他电子设备制造业
603229,奥翔药业,C27医药制造业
603230,内蒙新华,R86新闻和出版业
603231,索宝蛋白,C13农副食品加工业
603232,格尔软件,I65软件和信息技术服务业
603233,大参林,F52零售业
603235,天新药业,C14食品制造业
603236,移远通信,C39计算机、通信和其他电子设备制造业
603237,五芳斋,C14食品制造业
603238,诺邦股份,C17纺织业
603239,浙江仙通,C36汽车制造业
603248,锡华科技,C34通用设备制造业
603255,鼎际得,C26化学原料和化学制品制造业
603256,宏和科技,C30非金属矿物制品业
603257,中国瑞林,M74专业技术服务业
603258,电魂网络,I64互联网和相关服务
603259,药明康德,M73研究和试验发展
603260,合盛硅业,C26化学原料和化学制品制造业
603261,立航科技,C37铁路、船舶、航空航天和其他运输设备制造业
603262,技源集团,C14食品制造业
603266,天龙股份,C29橡胶和塑料制品业
603267,鸿远电子,C39计算机、通信和其他电子设备制造业
603268,松发股份,C37铁路、船舶、航空航天和其他运输设备制造业
603269,海鸥股份,C34通用设备制造业
603270,金帝股份,C34通用设备制造业
603271,永杰新材,C32有色金属冶炼和压延加工业
603272,*ST联翔,C24文教、工美、体育和娱乐用品制造业
603273,天元智能,C35专用设备制造业
603275,众辰科技,C40仪器仪表制造业
603276,恒兴新材,C26化学原料和化学制品制造业
603277,银都股份,C34通用设备制造业
603278,大业股份,C33金属制品业
603279,景津装备,C34通用设备制造业
603280,南方路机,C35专用设备制造业
603281,江瀚新材,C26化学原料和化学制品制造业
603282,亚光股份,C35专用设备制造业
603283,赛腾股份,C35专用设备制造业
603284,林平发展,C22造纸和纸制品业
603285,键邦股份,C26化学原料和化学制品制造业
603286,日盈电子,C36汽车制造业
603288,海天味业,C14食品制造业
603289,泰瑞机器,C35专用设备制造业
603290,斯达半导,C39计算机、通信和其他电子设备制造业
603291,联合水务,D46水的生产和供应业
603293,埃泰克,C39计算机、通信和其他电子设备制造业
603296,华勤技术,C39计算机、通信和其他电子设备制造业
603297,永新光学,C40仪器仪表制造业
603298,杭叉集团,C34通用设备制造业
603299,苏盐井神,C26化学原料和化学制品制造业
603300,海南华铁,L71租赁业
603301,振德医疗,C27医药制造业
603303,得邦照明,C38电气机械和器材制造业
603305,旭升集团,C36汽车制造业
603306,华懋科技,C36汽车制造业
603307,扬州金泉,C17纺织业
603308,应流股份,C34通用设备制造业
603309,维力医疗,C35专用设备制造业
603310,巍华新材,C26化学原料和化学制品制造业
603311,金海高科,C35专用设备制造业
603312,西典新能,C38电气机械和器材制造业
603313,梦百合,C21家具制造业
603315,福鞍股份,N77生态保护和环境治理业
603316,诚邦股份,E48土木工程建筑业
603317,天味食品,C14食品制造业
603318,水发燃气,D45燃气生产和供应业
603319,美湖股份,C36汽车制造业
603320,迪贝电气,C34通用设备制造业
603321,梅轮电梯,C34通用设备制造业
603322,超讯科技,I65软件和信息技术服务业
603323,苏农银行,J66货币金融服务
603324,盛剑科技,C35专用设备制造业
603325,博隆技术,C34通用设备制造业
603326,我乐家居,C21家具制造业
603327,福蓉科技,C39计算机、通信和其他电子设备制造业
603328,依顿电子,C39计算机、通信和其他电子设备制造业
603329,上海雅仕,L72商务服务业
603330,天洋新材,C29橡胶和塑料制品业
603331,百达精工,C34通用设备制造业
603332,苏州龙杰,C28化学纤维制造业
603333,福华尚纬,C38电气机械和器材制造业
603334,丰倍生物,C42废弃资源综合利用业
603335,迪生力,C36汽车制造业
603336,宏辉果蔬,C13农副食品加工业
603337,杰克科技,C35专用设备制造业
603338,浙江鼎力,C35专用设备制造业
603339,四方科技,C33金属制品业
603341,龙旗科技,C39计算机、通信和其他电子设备制造业
603344,星德胜,C38电气机械和器材制造业
603345,安井食品,C13农副食品加工业
603348,文灿股份,C36汽车制造业
603350,安乃达,C38电气机械和器材制造业
603351,威尔药业,C25石油、煤炭及其他燃料加工业
603352,至信股份,C36汽车制造业
603353,和顺石油,F52零售业
603355,莱克电气,C38电气机械和器材制造业
603356,华菱精工,C34通用设备制造业
603357,设计总院,M74专业技术服务业
603358,华达科技,C36汽车制造业
603359,*ST东珠,E48土木工程建筑业
603360,百傲化学,C26化学原料和化学制品制造业
603363,傲农生物,C13农副食品加工业
603365,水星家纺,C17纺织业
603366,日出东方,C38电气机械和器材制造业
603367,辰欣药业,C27医药制造业
603368,柳药集团,F51批发业
603369,今世缘,C15酒、饮料和精制茶制造业
603370,华新精科,C38电气机械和器材制造业
603373,安邦护卫,L72商务服务业
603375,盛景微,C39计算机、通信和其他电子设备制造业
603376,大明电子,C36汽车制造业
603377,ST东时,P83教育
603378,*ST亚士,C26化学原料和化学制品制造业
603379,三美股份,C26化学原料和化学制品制造业
603380,易德龙,C39计算机、通信和其他电子设备制造业
603381,永臻股份,C38电气机械和器材制造业
603382,海阳科技,C26化学原料和化学制品制造业
603383,顶点软件,I65软件和信息技术服务业
603385,惠达卫浴,C30非金属矿物制品业
603386,骏亚科技,C39计算机、通信和其他电子设备制造业
603387,基蛋生物,C27医药制造业
603389,*ST亚振,C21家具制造业
603390,通达电气,C39计算机、通信和其他电子设备制造业
603391,力聚热能,C34通用设备制造业
603392,万泰生物,C27医药制造业
603393,新天然气,D45燃气生产和供应业
603395,红四方,C26化学原料和化学制品制造业
603396,金辰股份,C35专用设备制造业
603398,*ST沐邦,C38电气机械和器材制造业
603399,永杉锂业,C32有色金属冶炼和压延加工业
603400,华之杰,C34通用设备制造业
603402,陕西旅游,R88文化艺术业
603406,天富龙,C28化学纤维制造业
603407,长裕集团,C26化学原料和化学制品制造业
603408,建霖家居,C29橡胶和塑料制品业
603409,汇通控股,C36汽车制造业
603416,信捷电气,C40仪器仪表制造业
603418,友升股份,C36汽车制造业
603421,鼎信通讯,C40仪器仪表制造业
603429,*ST集友,C23印刷和记录媒介复制业
603435,嘉德利,C39计算机、通信和其他电子设备制造业
603439,三力制药,C27医药制造业
603444,吉比特,I64互联网和相关服务
603456,九洲药业,C27医药制造业
603458,勘设股份,M74专业技术服务业
603459,红板科技,C39计算机、通信和其他电子设备制造业
603466,风语筑,R88文化艺术业
603477,巨星农牧,A03畜牧业
603486,科沃斯,C39计算机、通信和其他电子设备制造业
603488,展鹏科技,C34通用设备制造业
603489,八方股份,C38电气机械和器材制造业
603496,恒为科技,C39计算机、通信和其他电子设备制造业
603499,翔港科技,C23印刷和记录媒介复制业
603500,祥和实业,C37铁路、船舶、航空航天和其他运输设备制造业
603501,豪威集团,C39计算机、通信和其他电子设备制造业
603505,金石资源,B10非金属矿采选业
603506,南都物业,K70房地产业
603507,振江股份,C38电气机械和器材制造业
603508,思维列控,C37铁路、船舶、航空航天和其他运输设备制造业
603511,爱慕股份,C18纺织服装、服饰业
603515,欧普照明,C38电气机械和器材制造业
603516,淳中科技,C39计算机、通信和其他电子设备制造业
603517,ST绝味,C13农副食品加工业
603518,锦泓集团,C18纺织服装、服饰业
603519,立霸股份,C38电气机械和器材制造业
603520,司太立,C27医药制造业
603527,众源新材,C32有色金属冶炼和压延加工业
603528,多伦科技,I65软件和信息技术服务业
603529,爱玛科技,C37铁路、船舶、航空航天和其他运输设备制造业
603530,神马电力,C38电气机械和器材制造业
603533,掌阅科技,I64互联网和相关服务
603535,嘉诚国际,G59装卸搬运和仓储业
603536,惠发食品,C13农副食品加工业
603538,美诺华,C27医药制造业
603551,奥普科技,C38电气机械和器材制造业
603556,海兴电力,C40仪器仪表制造业
603557,*ST起步,C19皮革、毛皮、羽毛及其制品和制鞋业
603558,健盛集团,C18纺织服装、服饰业
603559,ST通脉,I63电信、广播电视和卫星传输服务
603565,中谷物流,G55水上运输业
603566,普莱柯,C27医药制造业
603567,珍宝岛,C27医药制造业
603568,伟明环保,N77生态保护和环境治理业
603569,长久物流,G54道路运输业
603577,汇金通,C33金属制品业
603578,三星新材,C30非金属矿物制品业
603579,荣泰健康,C38电气机械和器材制造业
603580,*ST艾艾,C29橡胶和塑料制品业
603583,捷昌驱动,C38电气机械和器材制造业
603585,苏利股份,C26化学原料和化学制品制造业
603586,金麒麟,C36汽车制造业
603587,地素时尚,C18纺织服装、服饰业
603588,高能环境,N77生态保护和环境治理业
603589,口子窖,C15酒、饮料和精制茶制造业
603590,康辰药业,C27医药制造业
603595,ST东尼,C39计算机、通信和其他电子设备制造业
603596,伯特利,C36汽车制造业
603598,引力传媒,L72商务服务业
603599,广信股份,C26化学原料和化学制品制造业
603600,永艺股份,C21家具制造业
603601,再升科技,C30非金属矿物制品业
603602,纵横通信,I65软件和信息技术服务业
603605,珀莱雅,C26化学原料和化学制品制造业
603606,东方电缆,C38电气机械和器材制造业
603607,京华激光,C22造纸和纸制品业
603608,天创时尚,C19皮革、毛皮、羽毛及其制品和制鞋业
603609,禾丰股份,C13农副食品加工业
603610,麒盛科技,C21家具制造业
603611,诺力股份,C34通用设备制造业
603612,索通发展,C30非金属矿物制品业
603613,国联股份,I64互联网和相关服务
603615,茶花股份,C29橡胶和塑料制品业
603616,韩建河山,C30非金属矿物制品业
603617,君禾股份,C34通用设备制造业
603618,杭电股份,C38电气机械和器材制造业
603619,中曼石油,B07石油和天然气开采业
603626,科森科技,C33金属制品业
603628,清源股份,C38电气机械和器材制造业
603629,利通电子,C33金属制品业
603630,拉芳家化,C26化学原料和化学制品制造业
603633,徕木股份,C39计算机、通信和其他电子设备制造业
603636,南威软件,I65软件和信息技术服务业
603637,镇海股份,E48土木工程建筑业
603638,艾迪精密,C35专用设备制造业
603639,海利尔,C26化学原料和化学制品制造业
603648,畅联股份,L72商务服务业
603650,彤程新材,C26化学原料和化学制品制造业
603655,朗博科技,C29橡胶和塑料制品业
603656,泰禾智能,C35专用设备制造业
603657,春光科技,C29橡胶和塑料制品业
603658,安图生物,C27医药制造业
603659,璞泰来,C39计算机、通信和其他电子设备制造业
603660,苏州科达,C39计算机、通信和其他电子设备制造业
603661,恒林股份,C21家具制造业
603662,柯力传感,C39计算机、通信和其他电子设备制造业
603663,三祥新材,C30非金属矿物制品业
603665,康隆达,C17纺织业
603666,亿嘉和,C34通用设备制造业
603667,五洲新春,C34通用设备制造业
603668,天马科技,C13农副食品加工业
603669,灵康药业,C27医药制造业
603676,卫信康,C27医药制造业
603677,奇精机械,C38电气机械和器材制造业
603678,火炬电子,C39计算机、通信和其他电子设备制造业
603679,华体科技,C38电气机械和器材制造业
603680,今创集团,C37铁路、船舶、航空航天和其他运输设备制造业
603681,永冠新材,C26化学原料和化学制品制造业
603682,锦和商管,L72商务服务业
603683,晶华新材,C26化学原料和化学制品制造业
603685,晨丰科技,C38电气机械和器材制造业
603686,福龙马,N78公共设施管理业
603687,大胜达,C22造纸和纸制品业
603688,石英股份,C30非金属矿物制品业
603689,皖天然气,D45燃气生产和供应业
603690,至纯科技,C35专用设备制造业
603693,江苏新能,D44电力、热力生产和供应业
603696,安记食品,C14食品制造业
603697,有友食品,C13农副食品加工业
603698,航天工程,C35专用设备制造业
603699,纽威股份,C34通用设备制造业
603700,宁水集团,C40仪器仪表制造业
603701,德宏股份,C38电气机械和器材制造业
603703,盛洋科技,C38电气机械和器材制造业
603706,东方环宇,D45燃气生产和供应业
603707,健友股份,C27医药制造业
603708,家家悦,F52零售业
603709,中源家居,C21家具制造业
603711,香飘飘,C15酒、饮料和精制茶制造业
603712,七一二,C39计算机、通信和其他电子设备制造业
603713,密尔克卫,G58多式联运和运输代理业
603716,塞力医疗,F51批发业
603717,天域生物,A03畜牧业
603718,*ST海利,C27医药制造业
603719,良品铺子,F52零售业
603721,中广天择,R87广播、电视、电影和录音制作业
603722,阿科力,C26化学原料和化学制品制造业
603725,天安新材,C30非金属矿物制品业
603726,朗迪集团,C29橡胶和塑料制品业
603727,博迈科,B11开采专业及辅助性活动
603728,鸣志电器,C38电气机械和器材制造业
603729,ST龙韵,L72商务服务业
603730,岱美股份,C36汽车制造业
603733,仙鹤股份,C22造纸和纸制品业
603737,三棵树,C26化学原料和化学制品制造业
603738,泰晶科技,C39计算机、通信和其他电子设备制造业
603739,蔚蓝生物,C14食品制造业
603755,日辰股份,C14食品制造业
603757,大元泵业,C34通用设备制造业
603758,秦安股份,C36汽车制造业
603759,海天股份,D46水的生产和供应业
603766,隆鑫通用,C37铁路、船舶、航空航天和其他运输设备制造业
603767,中马传动,C36汽车制造业
603768,常青股份,C36汽车制造业
603773,沃格光电,C39计算机、通信和其他电子设备制造业
603776,永安行,I65软件和信息技术服务业
603777,来伊份,F52零售业
603778,国晟科技,C38电气机械和器材制造业
603779,威龙股份,C15酒、饮料和精制茶制造业
603786,科博达,C36汽车制造业
603787,新日股份,C37铁路、船舶、航空航天和其他运输设备制造业
603788,宁波高发,C36汽车制造业
603789,ST星农,C35专用设备制造业
603790,雅运股份,C26化学原料和化学制品制造业
603797,联泰环保,N77生态保护和环境治理业
603798,康普顿,C25石油、煤炭及其他燃料加工业
603799,华友钴业,C32有色金属冶炼和压延加工业
603800,洪田股份,C35专用设备制造业
603801,志邦家居,C21家具制造业
603803,瑞斯康达,C39计算机、通信和其他电子设备制造业
603806,福斯特,C29橡胶和塑料制品业
603808,歌力思,C18纺织服装、服饰业
603809,豪能股份,C36汽车制造业
603810,丰山集团,C26化学原料和化学制品制造业
603811,诚意药业,C27医药制造业
603813,原尚股份,G54道路运输业
603815,交建股份,E48土木工程建筑业
603816,顾家家居,C21家具制造业
603817,海峡环保,D46水的生产和供应业
603818,曲美家居,C21家具制造业
603819,神力股份,C38电气机械和器材制造业
603822,ST嘉澳,C25石油、煤炭及其他燃料加工业
603823,百合花,C26化学原料和化学制品制造业
603825,ST华扬,L72商务服务业
603826,坤彩科技,C26化学原料和化学制品制造业
603828,*ST利达,E50建筑装饰、装修和其他建筑业
603829,洛凯股份,C38电气机械和器材制造业
603833,欧派家居,C21家具制造业
603836,海程邦达,L72商务服务业
603838,*ST四通,C30非金属矿物制品业
603839,安正时尚,C18纺织服装、服饰业
603843,*ST正平,E48土木工程建筑业
603848,好太太,C33金属制品业
603855,华荣股份,C35专用设备制造业
603856,东宏股份,C29橡胶和塑料制品业
603858,步长制药,C27医药制造业
603859,能科科技,I65软件和信息技术服务业
603860,中公高科,M74专业技术服务业
603861,白云电器,C38电气机械和器材制造业
603863,松炀资源,C22造纸和纸制品业
603866,桃李面包,C14食品制造业
603867,新化股份,C26化学原料和化学制品制造业
603868,飞科电器,C38电气机械和器材制造业
603869,ST智知,I65软件和信息技术服务业
603871,嘉友国际,G58多式联运和运输代理业
603876,鼎胜新材,C32有色金属冶炼和压延加工业
603877,太平鸟,C18纺织服装、服饰业
603878,武进不锈,C31黑色金属冶炼和压延加工业
603879,永悦科技,C26化学原料和化学制品制造业
603880,南卫股份,C27医药制造业
603881,数据港,I65软件和信息技术服务业
603882,金域医学,Q84卫生
603883,老百姓,F52零售业
603885,吉祥航空,G56航空运输业
603886,元祖股份,C14食品制造业
603887,城地香江,I65软件和信息技术服务业
603888,新华网,I64互联网和相关服务
603889,新澳股份,C17纺织业
603890,春秋电子,C39计算机、通信和其他电子设备制造业
603893,瑞芯微,C39计算机、通信和其他电子设备制造业
603895,天永智能,C35专用设备制造业
603896,寿仙谷,C27医药制造业
603897,长城科技,C38电气机械和器材制造业
603898,好莱客,C21家具制造业
603899,晨光股份,C24文教、工美、体育和娱乐用品制造业
603900,莱绅通灵,F52零售业
603901,永创智能,C34通用设备制造业
603903,中持股份,N77生态保护和环境治理业
603906,龙蟠科技,C39计算机、通信和其他电子设备制造业
603908,牧高笛,C17纺织业
603909,建发合诚,E48土木工程建筑业
603912,佳力图,C34通用设备制造业
603915,国茂股份,C34通用设备制造业
603916,苏博特,C26化学原料和化学制品制造业
603917,合力科技,C35专用设备制造业
603918,金桥信息,I65软件和信息技术服务业
603919,金徽酒,C15酒、饮料和精制茶制造业
603920,世运电路,C39计算机、通信和其他电子设备制造业
603922,ST金鸿顺,C36汽车制造业
603926,铁流股份,C36汽车制造业
603927,中科软,I65软件和信息技术服务业
603928,兴业股份,C26化学原料和化学制品制造业
603929,亚翔集成,E49建筑安装业
603931,格林达,C26化学原料和化学制品制造业
603933,睿能科技,C39计算机、通信和其他电子设备制造业
603936,博敏电子,C39计算机、通信和其他电子设备制造业
603937,丽岛新材,C33金属制品业
603938,三孚股份,C26化学原料和化学制品制造业
603939,益丰药房,F52零售业
603948,建业股份,C26化学原料和化学制品制造业
603949,雪龙集团,C36汽车制造业
603950,长源东谷,C36汽车制造业
603955,大千生态,E48土木工程建筑业
603956,威派格,C35专用设备制造业
603958,哈森股份,C19皮革、毛皮、羽毛及其制品和制鞋业
603959,ST百利,E48土木工程建筑业
603960,克来机电,C35专用设备制造业
603966,法兰泰克,C34通用设备制造业
603967,中创物流,G58多式联运和运输代理业
603968,醋化股份,C26化学原料和化学制品制造业
603969,银龙股份,C33金属制品业
603970,中农立华,F51批发业
603976,正川股份,C27医药制造业
603977,国泰集团,C26化学原料和化学制品制造业
603978,深圳新星,C32有色金属冶炼和压延加工业
603979,金诚信,B11开采专业及辅助性活动
603980,吉华集团,C26化学原料和化学制品制造业
603982,泉峰汽车,C36汽车制造业
603983,丸美生物,C26化学原料和化学制品制造业
603985,恒润股份,C33金属制品业
603986,兆易创新,C39计算机、通信和其他电子设备制造业
603987,康德莱,C35专用设备制造业
603988,中电电机,C38电气机械和器材制造业
603989,艾华集团,C39计算机、通信和其他电子设备制造业
603990,麦迪科技,I65软件和信息技术服务业
603991,领先股份,C29橡胶和塑料制品业
603992,松霖科技,C29橡胶和塑料制品业
603993,洛阳钼业,B09有色金属矿采选业
603995,甬金股份,C31黑色金属冶炼和压延加工业
603997,继峰股份,C36汽车制造业
603998,方盛制药,C27医药制造业
603999,读者传媒,R86新闻和出版业
605001,威奥股份,C37铁路、船舶、航空航天和其他运输设备制造业
605003,众望布艺,C17纺织业
605005,合兴股份,C36汽车制造业
605006,山东玻纤,C30非金属矿物制品业
605007,五洲特纸,C22造纸和纸制品业
605008,长鸿高科,C26化学原料和化学制品制造业
605009,豪悦护理,C22造纸和纸制品业
605011,杭州热电,D44电力、热力生产和供应业
605016,百龙创园,C14食品制造业
605018,长华集团,C36汽车制造业
605020,永和股份,C26化学原料和化学制品制造业
605028,世茂能源,D44电力、热力生产和供应业
605033,美邦股份,C26化学原料和化学制品制造业
605050,福然德,G58多式联运和运输代理业
605055,迎丰股份,C17纺织业
605056,咸亨国际,F51批发业
605058,澳弘电子,C39计算机、通信和其他电子设备制造业
605060,联德股份,C34通用设备制造业
605066,天正电气,C38电气机械和器材制造业
605068,明新旭腾,C19皮革、毛皮、羽毛及其制品和制鞋业
605069,正和生态,N77生态保护和环境治理业
605077,华康股份,C14食品制造业
605080,浙江自然,C17纺织业
605086,龙高股份,B10非金属矿采选业
605088,冠盛股份,C36汽车制造业
605089,味知香,C13农副食品加工业
605090,九丰能源,D45燃气生产和供应业
605098,行动教育,P83教育
605099,共创草坪,C29橡胶和塑料制品业
605100,华丰股份,C34通用设备制造业
605108,同庆楼,H62餐饮业
605111,新洁能,C39计算机、通信和其他电子设备制造业
605116,奥锐特,C27医药制造业
605117,德业股份,C38电气机械和器材制造业
605118,力鼎光电,C39计算机、通信和其他电子设备制造业
605122,四方新材,C30非金属矿物制品业
605123,派克新材,C33金属制品业
605128,上海沿浦,C36汽车制造业
605133,嵘泰股份,C36汽车制造业
605136,丽人丽妆,F52零售业
605138,盛泰集团,C18纺织服装、服饰业
605151,西上海,C36汽车制造业
605155,西大门,C17纺织业
605158,华达新材,C33金属制品业
605162,新中港,D44电力、热力生产和供应业
605166,聚合顺,C26化学原料和化学制品制造业
605167,利柏特,E48土木工程建筑业
605168,三人行,L72商务服务业
605169,洪通燃气,D45燃气生产和供应业
605177,东亚药业,C27医药制造业
605178,时空科技,E50建筑装饰、装修和其他建筑业
605179,一鸣食品,C14食品制造业
605180,华生科技,C17纺织业
605183,确成股份,C26化学原料和化学制品制造业
605186,健麾信息,C35专用设备制造业
605188,国光连锁,F52零售业
605189,富春染织,C17纺织业
605196,华通线缆,C38电气机械和器材制造业
605198,安德利,C15酒、饮料和精制茶制造业
605199,ST葫芦娃,C27医药制造业
605208,永茂泰,C32有色金属冶炼和压延加工业
605218,伟时电子,C39计算机、通信和其他电子设备制造业
605222,起帆电缆,C38电气机械和器材制造业
605228,神通科技,C36汽车制造业
605255,天普股份,C29橡胶和塑料制品业
605258,协和电子,C39计算机、通信和其他电子设备制造业
605259,绿田机械,C34通用设备制造业
605266,健之佳,F52零售业
605268,王力安防,C33金属制品业
605277,新亚电子,C38电气机械和器材制造业
605286,同力天启,C34通用设备制造业
605287,德才股份,E50建筑装饰、装修和其他建筑业
605288,凯迪股份,C38电气机械和器材制造业
605289,罗曼股份,E50建筑装饰、装修和其他建筑业
605296,神农集团,A03畜牧业
605298,必得科技,C37铁路、船舶、航空航天和其他运输设备制造业
605299,舒华体育,C24文教、工美、体育和娱乐用品制造业
605300,佳禾食品,C14食品制造业
605303,园林股份,E48土木工程建筑业
605305,中际联合,C35专用设备制造业
605318,法狮龙,C41其他制造业
605319,无锡振华,C36汽车制造业
605333,沪光股份,C36汽车制造业
605336,*ST帅电,C38电气机械和器材制造业
605337,李子园,C15酒、饮料和精制茶制造业
605338,巴比食品,C14食品制造业
605339,南侨食品,C14食品制造业
605358,立昂微,C39计算机、通信和其他电子设备制造业
605365,立达信,C38电气机械和器材制造业
605366,宏柏新材,C26化学原料和化学制品制造业
605368,蓝天燃气,D45燃气生产和供应业
605369,拱东医疗,C35专用设备制造业
605376,博迁新材,C39计算机、通信和其他电子设备制造业
605377,华旺科技,C22造纸和纸制品业
605378,野马电池,C38电气机械和器材制造业
605388,均瑶健康,C15酒、饮料和精制茶制造业
605389,长龄液压,C34通用设备制造业
605398,新炬网络,I65软件和信息技术服务业
605399,晨光新材,C26化学原料和化学制品制造业
605488,福莱新材,C29橡胶和塑料制品业
605499,东鹏饮料,C15酒、饮料和精制茶制造业
605500,森林包装,C22造纸和纸制品业
605507,国邦医药,C27医药制造业
605555,德昌股份,C38电气机械和器材制造业
605566,福莱蒽特,C26化学原料和化学制品制造业
605567,春雪食品,C13农副食品加工业
605577,龙版传媒,R86新闻和出版业
605580,恒盛能源,D44电力、热力生产和供应业
605588,冠石科技,C39计算机、通信和其他电子设备制造业
605589,圣泉集团,C26化学原料和化学制品制造业
605598,上海港湾,E48土木工程建筑业
605599,菜百股份,F52零售业
